Sr.no,Year,Mo,Earthquake Magnitude,Country,Location Name,Latitude,Longitude,Maximum Water Height (m)
1,1900,1.0,,INDONESIA,"GALELA, HALMAHERA ISLAND",1.82,127.85,
2,1900,8.0,,USA,"LITUYA BAY, AK",58.6,-137.5,
3,1900,9.0,6.8,PAPUA NEW GUINEA,BISMARCK SEA,-4.0,152.0,
4,1900,9.0,7.1,PAPUA NEW GUINEA,RABAUL HARBOR,-5.0,148.0,3.0
5,1900,10.0,6.9,INDONESIA,BISMARCK SEA,-4.0,140.0,
6,1900,10.0,7.7,VENEZUELA,MANCUTO,11.0,-66.0,10.0
7,1901,3.0,6.7,USA,"MONTEREY BAY, N. CALIFORNIA",36.0,-120.5,
8,1901,3.0,7.2,BULGARIA,BLACK SEA,43.4,28.5,3.0
9,1901,6.0,6.0,JAPAN,"IWATE, JAPAN",39.0,143.0,
10,1901,6.0,7.5,JAPAN,RYUKYU ISLANDS,28.0,130.3,0.25
11,1901,8.0,7.2,JAPAN,OFF NORTHEAST COAST HONSHU,40.5,142.5,0.6
12,1901,8.0,7.9,NEW CALEDONIA,LOYALTY ISLANDS,-22.0,170.0,1.2
13,1901,8.0,7.4,JAPAN,OFF NORTHEAST COAST HONSHU,40.6,142.3,0.25
14,1901,8.0,6.3,JAPAN,OFF NORTHEAST COAST HONSHU,40.5,142.5,0.02
15,1901,9.0,7.0,PHILIPPINES,E. LUZON ISLAND,14.0,121.6,
16,1901,10.0,7.0,NICARAGUA,NICARAGUA,11.0,-86.5,1.5
17,1901,12.0,7.1,USA,"FOX ISLANDS, ALEUTIAN ISLANDS, AK",51.45,-171.02,
18,1902,1.0,6.3,GUATEMALA,OCOSA,14.71,-91.59,
19,1902,2.0,7.0,EL SALVADOR,EL SALVADOR-GUATEMALA,13.5,-89.5,
20,1902,4.0,7.5,GUATEMALA,OCOS,14.0,-91.0,
21,1902,5.0,,MARTINIQUE (FRENCH TERRITORY),MOUNT PELEE,14.82,-61.17,5.0
22,1902,5.0,,SAINT VINCENT AND THE GRENADINES,SOUFRIERE VOLCANO,13.33,-61.18,1.0
23,1902,5.0,,MARTINIQUE (FRENCH TERRITORY),MOUNT PELEE,14.82,-61.17,
24,1902,5.0,,MARTINIQUE (FRENCH TERRITORY),MOUNT PELEE,14.82,-61.17,
25,1902,6.0,,MARTINIQUE (FRENCH TERRITORY),FORT-DE-FRANCE,14.602,-61.065,
26,1902,7.0,6.6,GREECE,AEGEAN SEA,40.75,23.25,
27,1902,7.0,,MARTINIQUE (FRENCH TERRITORY),MARTINIQUE,14.553,-61.009,
28,1902,8.0,,MEXICO,MEXICO,24.6,-107.9,
29,1902,8.0,7.3,PHILIPPINES,"ILLANA BAY, CELEBES SEA",7.5,123.5,
30,1902,8.0,,MARTINIQUE (FRENCH TERRITORY),MOUNT PELEE,14.82,-61.17,1.0
31,1902,9.0,,GUATEMALA,OCOS,14.0,-91.0,
32,1903,2.0,,USA TERRITORY,"GUAM, MARIANA ISLANDS",14.0,143.3,0.15
33,1903,3.0,6.5,INDONESIA,BANDA SEA,-3.0,127.5,1.0
34,1903,5.0,,ITALY,CALABRIAN ARC,38.1,13.4,
35,1903,7.0,,MEXICO,S. MEXICO,16.7,-99.2,
36,1903,8.0,,USA,"COOK INLET, AK",,,
37,1903,9.0,,TAIWAN,TAIWAN,,,
38,1903,9.0,,CHILE,NORTHERN CHILE,-20.2,-70.15,
39,1903,10.0,,USA,HAWAII,,,
40,1903,10.0,,USA,HAWAII,,,
41,1903,10.0,,CANADA,"BLACKLEAD ISLAND, CUMBERLAND SOUND",64.98,-66.2,
42,1903,11.0,,USA,HAWAII,,,
43,1903,11.0,,USA,HAWAII,,,
44,1903,11.0,,USA,HAWAII,,,15.7
45,1903,12.0,6.5,CHILE,NORTHERN CHILE,-28.5,-71.0,
46,1904,1.0,7.9,COLOMBIA,OFF THE COAST PANAMA-COLOMBIA,7.0,-79.0,
47,1904,2.0,,INDONESIA,CELEBES SEA,1.5,120.8,
48,1904,3.0,,USA,WASHINGTON-OREGON,,,
49,1904,6.0,8.3,RUSSIA,"KAMCHATKA PENINSULA, RUSSIA",52.0,159.0,
50,1904,6.0,8.1,RUSSIA,"KAMCHATKA PENINSULA, RUSSIA",52.0,159.0,
51,1904,7.0,,INDONESIA,BANDA SEA,-3.6,128.7,
52,1904,8.0,7.2,NEW ZEALAND,CAPE TURNAGAIN,-40.4,176.4,3.0
53,1904,8.0,,NEW ZEALAND,NEW ZEALAND,-39.12,177.2,
54,1904,9.0,,INDONESIA,S. JAVA,-7.7,109.0,
55,1904,12.0,7.2,PANAMA,BOCAS DEL TORO,9.2,-82.8,
56,1904,12.0,,COOK ISLANDS,COOK IS.,,,
57,1905,1.0,,NORWAY,LOEN,61.866,6.85,40.5
58,1905,1.0,6.3,GREECE,AEGEAN SEA,39.66,22.83,
59,1905,1.0,6.8,COSTA RICA,GULF OF NICOYA,9.85,-84.68,
60,1905,1.0,,MEXICO,REVILLAGIGEDO ISLANDS,19.0,-113.0,
61,1905,2.0,,NEW ZEALAND,N. NEW ZEALAND,-40.5,175.0,
62,1905,3.0,,VANUATU,MALO PASS,,,0.6
63,1905,4.0,7.8,INDIA,"KANGRA, INDIA",33.0,76.0,
64,1905,7.0,,USA,"DISENCHANTMENT BAY, AK",60.0,-139.58,33.53
65,1905,7.0,7.0,JAPAN,JAPAN:  OFF FUKUSHIMA,37.4,142.6,
66,1905,8.0,,SAMOA,MATAVANU VOLCANO,-13.612,-172.525,
67,1905,8.0,,CANADA,THOMPSON RIVER,50.42,-121.35,6.0
68,1905,9.0,7.1,ITALY,TYRRHENIAN CALABRIA,38.67,16.07,1.3
69,1905,10.0,5.1,RUSSIA,BLACK SEA,44.5,37.5,0.5
70,1905,10.0,7.5,GEORGIA,CAUCASUS,42.0,42.0,
71,1905,11.0,7.2,GREECE,NORTH AEGEAN SEA,40.092,24.627,3.0
72,1905,11.0,,VANUATU,PORT VILA,-17.7,168.3,
73,1905,11.0,,VANUATU,PORT VILA,-17.7,168.3,
74,1905,12.0,6.5,PHILIPPINES,W. LUZON ISLAND,11.0,123.5,
75,1905,,,TUNISIA,BALEARIC SEA,37.3,9.9,
76,1905,,,TOGO,GOLD COAST,,,
77,1906,1.0,8.8,ECUADOR,OFF COAST,0.955,-79.369,5.0
78,1906,1.0,,VENEZUELA,CARACAS,10.5,-66.916,
79,1906,2.0,,ECUADOR,COLOMBIA-ECUADOR,1.0,-81.0,0.25
80,1906,2.0,,COLOMBIA,BUENAVENTURA,3.9,-77.033,
81,1906,4.0,,ITALY,TYRRHENIAN SEA,40.821,14.426,0.4
82,1906,4.0,7.9,USA,N. CALIFORNIA,37.7,-122.5,0.1
83,1906,5.0,,CHILE,NORTHERN CHILE,-18.5,-70.3,
84,1906,5.0,,EL SALVADOR,OFF COAST,13.25,-88.83,
85,1906,7.0,,"MARSHALL ISLANDS, REP. OF",MARSHALL ISLANDS,,,
86,1906,8.0,,USA,S. CALIFORNIA,33.9,-117.0,0.02
87,1906,8.0,8.2,CHILE,CENTRAL CHILE,-33.0,-72.0,3.5
88,1906,9.0,8.0,PAPUA NEW GUINEA,SOLOMON SEA,-7.0,149.0,1.5
89,1906,10.0,7.2,PAPUA NEW GUINEA,BISMARCK SEA,-4.0,149.0,1.2
90,1906,11.0,,USA,WASHINGTON-OREGON,,,
91,1906,11.0,5.0,GHANA,GOLD COAST,6.5,0.3,
92,1906,11.0,,SAMOA,MATAVANU VOLCANO,-13.612,-172.525,
93,1906,12.0,7.9,PERU,S. PERU,-18.0,-71.0,
94,1906,,,VENEZUELA,MAIQUETIA,10.6,-66.95,
95,1907,1.0,8.2,INDONESIA,NW. SUMATRA,2.681,95.53,15.0
96,1907,1.0,6.2,JAMAICA,JAMAICA,18.667,-76.237,2.5
97,1907,3.0,7.3,INDONESIA,"KARAKELONG, TALAUD ISLANDS",3.0,122.0,4.0
98,1907,4.0,8.1,MEXICO,S. MEXICO,17.0,-100.0,2.0
99,1907,6.0,,SAMOA,MATAVANU VOLCANO,-13.612,-172.525,
100,1907,6.0,,SAMOA,MATAVANU VOLCANO,-13.612,-172.525,
101,1907,6.0,,SAMOA,MATAVANU VOLCANO,-13.612,-172.525,
102,1907,7.0,,SAMOA,MATAVANU VOLCANO,-13.612,-172.525,
103,1907,7.0,,SAMOA,MATAVANU VOLCANO,-13.612,-172.525,
104,1907,7.0,,TONGA,TONGA ISLANDS,-21.38,-175.65,
105,1907,9.0,5.5,USA,"SKAGWAY, AK",59.5,-135.5,0.7
106,1907,10.0,,SAMOA,MATAVANU VOLCANO,-13.612,-172.525,3.6
107,1907,10.0,5.9,ITALY,IONIAN CALABRIA,38.133,16.017,
108,1907,12.0,7.4,PAPUA NEW GUINEA,BISMARCK SEA,-3.1,142.5,
109,1908,2.0,7.5,INDONESIA,SW. SUMATRA,-2.0,100.0,1.4
110,1908,2.0,6.0,USA,"PRINCE WILLIAM SOUND, AK",61.0,-146.2,
111,1908,3.0,6.6,INDONESIA,TIMOR SEA,-10.0,129.0,
112,1908,4.0,,CANADA,NOTRE DAME DE LA SALETTE,45.77,-75.6,15.0
113,1908,5.0,6.5,UKRAINE,CRIMEA,44.0,34.0,
114,1908,9.0,,CANADA,GULF OF SAINT LAWRENCE,48.958,-62.133,
115,1908,9.0,6.8,USA,HAWAII,19.0,-155.0,1.2
116,1908,12.0,,PERU,S. PERU,-14.0,-78.0,
117,1908,12.0,7.0,ITALY,"MESSINA STRAIT, IONIAN SEA",38.17,15.58,13.0
118,1909,3.0,,COOK ISLANDS,RAROTONGA,-21.0,-159.0,3.0
119,1909,3.0,6.7,JAPAN,OFF BOSO PENINSULA,34.5,141.5,
120,1909,3.0,7.5,JAPAN,OFF BOSO PENINSULA,34.5,141.5,
121,1909,4.0,,RUSSIA,BLACK SEA,44.2,38.1,4.0
122,1909,6.0,7.6,INDONESIA,SUMATRA,-2.0,101.0,
123,1909,6.0,7.6,CHILE,NORTHERN CHILE,-26.5,-70.5,
124,1909,7.0,,VANUATU,VANUATU ISLANDS,-15.5,167.2,
125,1909,7.0,7.4,MEXICO,S. MEXICO,16.8,-99.8,9.0
126,1909,8.0,6.9,JAPAN,"ANEGAWA, JAPAN",35.4,136.3,1.8
127,1909,9.0,,USA,LOUISIANA: GRAND ISLE,,,
128,1909,10.0,,USA,UTAH,41.8,-112.7,
129,1909,12.0,8.0,USA TERRITORY,"GUAM, MARIANA ISLANDS",12.5,145.0,
130,1910,2.0,6.0,PAPUA NEW GUINEA,MATUPI HARBOR,-4.25,152.25,
131,1910,3.0,,NEW ZEALAND,"LAKE TAUPO, NORTH ISLAND",,,
132,1910,11.0,,USA,"NOME, AK",64.0,-165.0,
133,1910,11.0,7.2,VANUATU,VANUATU ISLANDS,-14.0,166.5,
134,1910,11.0,,USA,"SAN FRANCISCO, CA",,,0.3
135,1910,12.0,6.7,INDONESIA,SULAWESI,4.0,127.0,
136,1910,12.0,6.2,PHILIPPINES,SULU SEA,9.0,125.5,
137,1911,1.0,,PHILIPPINES,"TAAL, LUZON ISLAND",14.002,120.993,3.0
138,1911,2.0,6.7,ALBANIA,OCHRIDA LAKE,40.9,20.8,
139,1911,5.0,,PAPUA NEW GUINEA,"BLANCHE BAY, BISMARCK SEA",-4.25,152.25,
140,1911,5.0,6.6,TOGO,GOLD COAST,6.1,1.2,5.0
141,1911,6.0,8.0,JAPAN,RYUKYU ISLANDS,28.0,130.0,
142,1911,7.0,7.8,PHILIPPINES,PHILIPPINE TRENCH,9.0,126.0,
143,1911,9.0,7.3,CHILE,NORTHERN CHILE,-20.0,-72.0,
144,1911,9.0,6.9,USA,"PRINCE WILLIAM SOUND, AK",60.5,-149.0,
145,1911,11.0,,TRINIDAD AND TOBAGO,TRINIDAD,10.5,-61.2,
146,1912,1.0,6.4,GREECE,IONIAN SEA,37.928,21.013,
147,1912,4.0,,USA,"SOUTHERN SHORE, LAKE ERIE (OHIO)",42.0,-81.0,
148,1912,6.0,6.6,JAPAN,SANRIKU,40.5,142.0,0.5
149,1912,8.0,7.2,TURKEY,MARMARA SEA,40.73,27.121,2.7
150,1912,10.0,6.9,"MICRONESIA, FED. STATES OF",CAROLINE ISLANDS,7.0,138.0,
151,1912,12.0,,"MICRONESIA, FED. STATES OF","YAP ISLANDS, CAROLINE ISLANDS",,,
152,1913,2.0,6.8,NEW ZEALAND,TASMAN SEA,-41.8,171.5,1.5
153,1913,3.0,7.8,INDONESIA,SANGIHE ISLAND,5.354,126.121,
154,1913,6.0,,USA,"LONGPORT, NJ",39.314,-74.525,
155,1913,7.0,7.0,PERU,S. PERU,-16.6,-73.3,
156,1913,8.0,7.9,PERU,S. PERU,-17.0,-74.0,
157,1913,10.0,6.7,PANAMA,OFF COAST,7.1,-80.6,
158,1913,10.0,7.0,PAPUA NEW GUINEA,SOLOMON SEA,-7.0,148.0,0.1
159,1913,12.0,,USA,"SANTA BARBARA, S. CALIFORNIA",,,4.5
160,1914,1.0,7.1,JAPAN,SEIKAIDO,31.58,130.67,3.0
161,1914,1.0,,PERU,CENTRAL PERU,-12.0,-76.6,1.0
162,1914,1.0,,ITALY,LIGURIAN SEA,43.5,10.2,
163,1914,2.0,7.2,PERU,S. PERU,-17.0,-72.0,
164,1914,3.0,,INDONESIA,INDONESIA,,,
165,1914,5.0,8.1,INDONESIA,NW. IRIAN JAYA,-1.829,136.943,0.1
166,1914,5.0,,CANADA,GULF OF SAINT LAWRENCE,48.958,-62.133,
167,1914,6.0,7.6,INDONESIA,INDONESIA,-3.924,101.82,
168,1914,10.0,,NEW ZEALAND,"TOLAGA BAY, NORTH ISLAND",-37.8,178.2,
169,1914,11.0,6.3,GREECE,IONIAN SEA,38.582,20.587,3.0
170,1914,12.0,,INDONESIA,AMBON ISLAND,-3.7,128.2,
171,1915,1.0,6.6,GREECE,IONIAN SEA,38.4,20.6,
172,1915,2.0,,USA TERRITORY,"MANUA ISLANDS, AMERICAN SAMOA",-14.18,-169.66,2.4
173,1915,5.0,,INDONESIA,KAIMANA,-3.644,133.695,0.5
174,1915,8.0,6.7,GREECE,IONIAN SEA,38.5,20.7,1.5
175,1915,8.0,,PAPUA NEW GUINEA,"HUON GULF, SOLOMON SEA",,,
176,1915,9.0,7.9,EL SALVADOR,EL SALVADOR,14.0,-89.0,
177,1915,11.0,7.8,JAPAN,SANRIKU,38.3,142.9,1.0
178,1915,11.0,6.0,INDONESIA,NW. IRIAN JAYA,-1.0,136.0,
179,1915,11.0,6.4,PHILIPPINES,W. LUZON ISLAND,18.0,119.5,
180,1916,1.0,7.9,PAPUA NEW GUINEA,BISMARCK SEA,-4.739,152.548,
181,1916,1.0,,COSTA RICA,COSTA RICA-PANAMA,,,
182,1916,4.0,7.0,PANAMA,BOCAS DEL TORO,9.6,-82.0,1.3
183,1916,6.0,,NORWAY,DRAMSFJORD,59.62,10.42,1.0
184,1916,7.0,5.1,ITALY,STROMBOLI ISLAND,38.817,15.233,10.0
185,1916,8.0,6.0,ITALY,CENTRAL ADRIATIC,44.035,13.009,
186,1916,8.0,,DOMINICAN REPUBLIC,SANTO DOMINGO,,,
187,1916,11.0,,VENEZUELA,OCUMARE DE LA COSTA DE ORO,10.46,-67.77,
188,1917,1.0,,INDONESIA,CELEBES SEA,1.57,122.72,
189,1917,1.0,6.6,INDONESIA,BALI SEA,-7.0,116.0,2.0
190,1917,1.0,6.5,CHINA,SOUTH CHINA SEA,24.47,118.08,
191,1917,1.0,7.8,RUSSIA,KAMCHATKA,56.5,163.0,
192,1917,1.0,6.4,PHILIPPINES,CELEBES SEA,6.0,125.0,1.5
193,1917,1.0,,INDONESIA,LINGA ARCHIPELAGO,-0.25,104.5,
194,1917,3.0,,INDONESIA,JAVA SEA,-3.7,116.6,1.5
195,1917,5.0,8.0,NEW ZEALAND,KERMADEC ISLANDS,-29.2,-177.0,0.3
196,1917,5.0,5.8,TAIWAN,TAIWAN,23.2,121.6,0.5
197,1917,6.0,8.3,SAMOA,SAMOA ISLANDS,-15.5,-173.0,12.2
198,1917,7.0,7.5,PAPUA NEW GUINEA,BISMARCK SEA,-3.705,141.729,0.9
199,1917,8.0,,USA,"TAKU INLET, JUNEAU, AK",58.204,-134.147,2.4
200,1917,8.0,,INDONESIA,BANDA SEA,-3.6,128.7,
201,1917,9.0,,FRENCH POLYNESIA,MAUPIHAA,,,1.9
202,1917,11.0,7.5,NEW ZEALAND,KERMADEC ISLANDS,-29.0,-177.5,2.5
203,1917,12.0,,CANADA,"HALIFAX, NOVA SCOTIA",44.633,-63.583,7.0
204,1918,2.0,7.5,CHINA,GUANGDONG PROVINCE,23.5,117.2,
205,1918,5.0,7.9,CHILE,NORTHERN CHILE,-28.5,-71.5,
206,1918,7.0,,INDONESIA,SULAWESI,3.138,125.491,0.08
207,1918,8.0,5.5,CHINA,YUNNAN PROVINCE,26.9,103.0,
208,1918,8.0,8.3,PHILIPPINES,CELEBES SEA,5.538,123.994,7.2
209,1918,9.0,8.2,RUSSIA,S. KURIL ISLANDS,45.5,151.5,12.0
210,1918,10.0,7.1,USA TERRITORY,PUERTO RICO: MONA PASSAGE,18.7,-67.189,6.1
211,1918,10.0,6.4,USA TERRITORY,PUERTO RICO,18.441,-67.214,
212,1918,11.0,7.8,RUSSIA,S. KURIL ISLANDS,44.5,151.5,0.5
213,1918,12.0,7.8,CHILE,NORTHERN CHILE,-26.0,-71.0,5.0
214,1918,,,ICELAND,ICELAND,63.63,-19.05,
215,1919,1.0,7.4,PHILIPPINES,"MINDANAO ISLAND, PHILIPPINES",8.0,126.0,0.44
216,1919,1.0,8.3,TONGA,TONGA ISLANDS,-19.6,-176.6,0.4
217,1919,1.0,,USA,HAWAII,,,
218,1919,2.0,,INDONESIA,TIMOR SEA,-9.0,124.85,
219,1919,4.0,,INDONESIA,SULAWESI,3.138,125.491,5.0
220,1919,4.0,,USA,HAWAII,,,
221,1919,4.0,,TONGA,TONGA ISLANDS,-19.0,-172.6,
222,1919,4.0,8.1,TONGA,TONGA ISLANDS,-18.352,-172.515,2.5
223,1919,5.0,8.2,PAPUA NEW GUINEA,SOLOMON SEA,-4.806,153.859,
224,1919,5.0,,ITALY,STROMBOLI ISLAND,38.789,15.213,0.75
225,1919,6.0,6.6,NICARAGUA,GULF OF FONSECA,12.33,-88.291,
226,1919,8.0,,VENEZUELA,LAGO DE MARACAIBO,10.6,-71.6,
227,1919,10.0,,USA,"ALIKA, HAWAII",19.23,-155.9,4.3
228,1919,10.0,5.6,ITALY,TYRRHENIAN SEA,41.4,12.6,
229,1919,11.0,,INDONESIA,NW. IRIAN JAYA,-2.55,140.75,
230,1919,12.0,,UKRAINE,CRIMEA,44.0,33.0,
231,1920,1.0,,INDONESIA,N. MOLUCCAS ISLANDS,0.87,122.92,2.0
232,1920,2.0,7.7,PAPUA NEW GUINEA,SOLOMON SEA,-6.5,150.0,
233,1920,8.0,7.0,CHILE,CENTRAL CHILE,-38.0,-73.5,1.4
234,1920,8.0,,USA TERRITORY,"PAGO PAGO, AMERICAN SAMOA",-15.0,-170.0,
235,1920,9.0,7.8,VANUATU,VANUATU ISLANDS,-19.919,168.53,
236,1920,12.0,8.3,CHINA,CHINA: GANSU AND SHANXI PROVINCES,36.601,105.317,0.75
237,1920,12.0,5.6,ALBANIA,ALBANIAN COASTS,40.5,19.5,
238,1921,5.0,6.2,INDONESIA,MAKASSAR STRAIT,0.7,117.9,1.0
239,1921,8.0,,CHINA,"XIAOSI, DANDONG, LIAONING",40.13,124.38,
240,1921,9.0,7.5,INDONESIA,JAVA,-11.0,111.0,0.1
241,1921,11.0,7.5,PHILIPPINES,PHILIPPINE TRENCH,8.0,127.0,
242,1921,12.0,,USA,HAWAII,,,
243,1922,1.0,7.2,PERU,S. PERU,-16.5,-73.0,
244,1922,1.0,6.9,PAPUA NEW GUINEA,BISMARCK SEA,-7.111,143.53,1.8
245,1922,2.0,,INDONESIA,BANDA SEA,-3.3,128.9,
246,1922,2.0,6.3,PHILIPPINES,CEBU ISLAND,10.2,124.1,0.7
247,1922,3.0,6.0,PHILIPPINES,SULU SEA,9.0,123.25,
248,1922,4.0,,INDONESIA,SW. SUMATRA,-1.0,100.35,
249,1922,5.0,,USA,GULF OF MEXICO,,,0.64
250,1922,7.0,,INDONESIA,"LHOKNGA, ACEH",5.5,95.2,
251,1922,8.0,5.6,GREECE,AEGEAN SEA,37.5,23.2,
252,1922,9.0,7.6,TAIWAN,TAIWAN,24.5,122.0,
253,1922,10.0,,AUSTRALIA,TASMAN SEA,,,
254,1922,11.0,7.0,CHILE,NORTHERN CHILE,-28.0,-72.0,
255,1922,11.0,8.5,CHILE,NORTHERN CHILE,-28.293,-69.852,9.0
256,1922,12.0,6.3,NEW ZEALAND,SE. NEW ZEALAND,-43.0,173.0,0.4
257,1923,1.0,7.1,USA,N. CALIFORNIA,40.482,-125.034,0.1
258,1923,2.0,8.4,RUSSIA,KAMCHATKA,54.486,160.472,8.0
259,1923,2.0,,CHILE,CENTRAL CHILE,-35.33,-72.42,1.5
260,1923,3.0,7.2,PHILIPPINES,"MINDANAO ISLAND, PHILIPPINES",6.5,124.0,
261,1923,3.0,,CHILE,SAN FELIX ISLAND,-26.3,-80.1,35.0
262,1923,4.0,7.2,RUSSIA,KAMCHATKA,56.5,162.5,20.0
263,1923,5.0,7.0,CHILE,NORTHERN CHILE,-28.75,-71.75,
264,1923,5.0,,CHILE,NORTHERN CHILE,,,
265,1923,6.0,7.3,JAPAN,"KASHIMA, JAPAN",35.4,141.8,0.4
266,1923,7.0,5.5,PHILIPPINES,"BUTUAN, SULU SEA",9.3,125.0,
267,1923,8.0,,USA,"ROCKAWAY BEACH, NY",40.6,-73.5,
268,1923,8.0,,CHILE,NORTHERN CHILE,-18.5,-70.3,
269,1923,8.0,,KOREA,KOREA,,,
270,1923,9.0,7.9,JAPAN,SAGAMI BAY,35.1,139.5,13.0
271,1923,9.0,7.7,JAPAN,RYUKYU ISLANDS,34.9,140.2,0.3
272,1923,9.0,,USA,N. CALIFORNIA,,,6.1
273,1923,11.0,7.1,PAPUA NEW GUINEA,BISMARCK SEA,-4.653,154.232,
274,1923,11.0,7.1,PAPUA NEW GUINEA,NEW BRITAIN,-4.539,153.107,
275,1923,,6.1,VIETNAM,OFF COAST OF CENTRAL VIETNAM,10.158,109.014,
276,1924,3.0,6.7,COSTA RICA,COSTA RICA,9.587,-84.515,
277,1924,3.0,6.8,RUSSIA,TATAR STRAIT,49.179,142.436,
278,1924,4.0,,RUSSIA,TATAR STRAIT,,,
279,1924,4.0,8.3,PHILIPPINES,E. MINDANAO ISLAND,6.5,126.5,
280,1924,4.0,,RUSSIA,TATAR STRAIT,,,
281,1924,5.0,6.5,PHILIPPINES,PHILIPPINES,16.0,118.0,
282,1924,5.0,,USA,HAWAII,,,5.0
283,1924,6.0,,PHILIPPINES,W. LUZON ISLAND,,,
284,1924,6.0,7.8,AUSTRALIA,MACQUARIE ISLAND,-56.0,157.5,
285,1924,7.0,,NEW ZEALAND,CHATHAM I.,-43.95,-176.567,
286,1924,8.0,,USA,"CONEY ISLAND, NY",40.567,-73.983,4.6
287,1924,8.0,,ICELAND,ICELAND: REYKJAVIK,64.15,-21.95,
288,1924,8.0,7.3,PHILIPPINES,E. MINDANAO ISLAND,8.5,126.5,
289,1925,1.0,,INDONESIA,BANDA SEA,-8.0,115.0,1.0
290,1925,2.0,6.0,USA,"GULF OF ALASKA, AK",60.0,-146.0,1.4
291,1925,5.0,,MEXICO,MEXICO,14.583,-106.1,
292,1925,5.0,6.8,PHILIPPINES,W. LUZON ISLAND,9.3,122.7,
293,1925,5.0,,ITALY,CALABRIAN ARC,,,
294,1925,5.0,7.1,CHILE,NORTHERN CHILE,-26.0,-71.5,
295,1925,5.0,6.3,PHILIPPINES,W. LUZON ISLAND,12.2,122.1,
296,1925,10.0,,USA,CALIFORNIA,,,0.34
297,1925,11.0,7.3,PHILIPPINES,PHILIPPINE SEA,13.0,125.0,
298,1925,11.0,7.0,MEXICO,S. MEXICO,18.5,-107.0,11.0
299,1925,11.0,,PHILIPPINES,SULU SEA,,,
300,1925,12.0,,"MICRONESIA, FED. STATES OF",CAROLINE ISLANDS,10.0,138.0,
301,1926,1.0,,USA,"BERNARD, ME",44.233,-68.35,3.0
302,1926,1.0,7.5,SOLOMON ISLANDS,SOLOMON SEA,-10.061,159.215,
303,1926,3.0,,USA,HAWAII,20.5,-155.5,1.5
304,1926,3.0,,COOK ISLANDS,COOK ISLANDS,,,
305,1926,6.0,5.8,INDONESIA,SW. SUMATRA,-0.7,100.6,
306,1926,7.0,,UK,ENGLISH CHANNEL,49.21,-2.131,
307,1926,7.0,,SOUTH KOREA,S. OF KOREA,35.0,128.0,
308,1926,8.0,5.3,ITALY,AEOLIAN ISLANDS,38.567,14.833,
309,1926,8.0,7.2,GREECE,ARGOLIKOS GULF,36.5,23.3,
310,1926,8.0,5.8,PORTUGAL,AZORES,37.973,-28.59,0.3
311,1926,9.0,6.9,SOLOMON ISLANDS,SOLOMON ISLANDS,-9.674,159.519,2.0
312,1926,12.0,6.0,CHILE,NORTHERN CHILE,-28.0,-71.0,
313,1926,12.0,,PORTUGAL,PORTUGAL,38.7,-9.2,
314,1926,,,NEW ZEALAND,"TOLAGA BAY, NORTH ISLAND",-38.37,178.31,6.35
315,1927,1.0,5.7,USA,S. CALIFORNIA,32.5,-115.5,
316,1927,1.0,5.1,NORWAY,WESTERN NORWAY,59.0,3.0,
317,1927,3.0,7.6,JAPAN,SW. HONSHU ISLAND,35.6,135.1,11.3
318,1927,6.0,6.0,UKRAINE,"CRIMEA, BLACK SEA",44.4,34.4,0.7
319,1927,7.0,6.3,ISRAEL,DEAD SEA,32.0,35.5,1.0
320,1927,8.0,6.9,JAPAN,SANRIKU,37.9,142.0,0.1
321,1927,8.0,6.4,JAPAN,"KASHIMA, JAPAN",34.2,142.0,0.4
322,1927,9.0,,MEXICO,MEXICO,17.0,-104.0,
323,1927,9.0,6.8,UKRAINE,"CRIMEA, BLACK SEA",44.4,34.5,1.0
324,1927,9.0,4.9,UKRAINE,"CRIMEA, BLACK SEA",44.3,34.0,
325,1927,10.0,,USA,"SE. ALASKA, AK",,,
326,1927,10.0,7.1,USA,"SE. ALASKA, AK",57.69,-136.07,
327,1927,11.0,7.3,USA,S. CALIFORNIA,34.813,-120.774,1.8
328,1927,11.0,7.1,CHILE,SOUTHERN CHILE,-44.6,-73.0,
329,1927,12.0,6.3,INDONESIA,SULAWESI,-0.7,119.7,15.0
330,1927,12.0,7.5,RUSSIA,KAMCHATKA,55.663,160.039,2.0
331,1928,2.0,5.8,CANADA,BRITISH COLUMBIA,49.0,-125.0,
332,1928,3.0,7.7,MEXICO,MEXICO,15.67,-96.1,
333,1928,3.0,,INDONESIA,KRAKATAU,-6.102,105.423,
334,1928,3.0,6.5,GREECE,EAST AEGEAN,38.1,27.4,
335,1928,3.0,,CHILE,NORTHERN CHILE,-23.7,-70.4,
336,1928,4.0,6.9,PERU,S. PERU,-13.0,-69.6,
337,1928,4.0,6.0,GREECE,CORINTHOS-PATRAS GULF,38.0,23.0,0.6
338,1928,4.0,5.0,GREECE,AEGEAN SEA,38.0,23.5,
339,1928,4.0,5.2,GREECE,"GRECIAN ARCHIPELAGO, CRETE",38.0,23.0,
340,1928,4.0,6.8,PERU,S. PERU,-13.0,-69.5,
341,1928,4.0,,GREECE,AEGEAN SEA,,,0.6
342,1928,5.0,6.2,GREECE,NORTH AEGEAN,39.6,29.1,
343,1928,5.0,4.3,TURKEY,WESTERN TURKEY,40.8,26.8,
344,1928,5.0,,TONGA,LIFUKA ISLAND,-19.83,-174.36,
345,1928,5.0,7.0,JAPAN,SANRIKU,40.0,143.2,0.45
346,1928,5.0,,JAPAN,SAPPORO,43.062,141.354,
347,1928,6.0,7.0,PHILIPPINES,SULU SEA,12.4,120.9,
348,1928,6.0,7.7,MEXICO,S. MEXICO,16.028,-97.036,0.2
349,1928,7.0,7.0,PERU,N. PERU,-5.5,-79.0,
350,1928,8.0,,INDONESIA,FLORES SEA,-8.32,121.708,10.0
351,1928,9.0,,VENEZUELA,CARUPANO,,,
352,1928,11.0,7.1,CHILE,NORTHERN CHILE,-22.5,-70.5,
353,1928,12.0,7.6,CHILE,CENTRAL CHILE,-35.0,-72.0,1.5
354,1928,12.0,7.3,PHILIPPINES,CELEBES SEA,7.0,124.0,
355,1928,,,CANADA,"CURLING, NEWFOUNDLAND",48.967,-58.0,
356,1929,1.0,6.9,VENEZUELA,CUMANA,10.6,-65.6,6.0
357,1929,3.0,7.8,USA,"FOX ISLANDS, ALEUTIAN ISLANDS, AK",50.88,-169.71,1.0
358,1929,5.0,7.1,JAPAN,HIUGANADA,31.7,132.2,0.7
359,1929,5.0,7.0,CANADA,BRITISH COLUMBIA,51.0,-131.0,1.5
360,1929,6.0,7.2,PHILIPPINES,E. MINDANAO ISLAND,8.5,127.0,
361,1929,6.0,7.5,NEW ZEALAND,TASMAN SEA,-41.75,172.25,2.5
362,1929,7.0,,USA,"GRAND HAVEN, MICHIGAN",,,6.0
363,1929,8.0,,CHILE,NORTHERN CHILE,-23.7,-70.4,7.5
364,1929,8.0,,USA,"ATTICA, NEW YORK",42.9,-78.3,
365,1929,11.0,,INDONESIA,"TJALANG, N.W. SUMATRA",4.633,95.567,
366,1929,11.0,7.2,CANADA,"GRAND BANKS, NEWFOUNDLAND",44.426,-56.03,13.0
367,1930,1.0,5.5,CHINA,JIANGSU PROVINCE,32.2,119.4,
368,1930,2.0,,SPAIN,OFF SOUTHERN COAST,36.0,-3.0,
369,1930,2.0,,USA,HAWAII,,,
370,1930,3.0,,PORTUGAL,MADEIRA ISLAND,32.617,-16.967,5.0
371,1930,3.0,,INDONESIA,KRAKATAU,-6.102,105.423,500.0
372,1930,5.0,,NORWAY,MID-NORWAY,63.317,9.85,
373,1930,5.0,7.3,MYANMAR (BURMA),MYANMAR COAST,17.3,96.5,1.06
374,1930,6.0,6.0,INDONESIA,SOUTH OF JAVA,-5.6,105.3,1.5
375,1930,7.0,6.5,INDONESIA,SOUTH OF JAVA,-9.3,114.3,0.1
376,1930,8.0,5.2,USA,S. CALIFORNIA,34.03,-118.643,3.05
377,1930,9.0,,ITALY,STROMBOLI ISLAND,38.789,15.213,2.5
378,1930,9.0,,INDONESIA,CELEBES SEA,1.2,124.57,
379,1930,9.0,6.6,PAPUA NEW GUINEA,BISMARCK SEA,-4.423,145.46,
380,1930,10.0,6.0,ITALY,CENTRAL ADRIATIC,43.89,13.483,
381,1930,11.0,,KENYA,MOMBASA,-4.05,39.667,6.0
382,1930,12.0,6.5,PAPUA NEW GUINEA,BISMARCK SEA,-1.3,144.3,12.0
383,1930,12.0,6.0,CHILE,NORTHERN CHILE,-28.5,-71.0,1.0
384,1931,2.0,7.7,NEW ZEALAND,N. NEW ZEALAND,-39.772,176.025,15.0
385,1931,2.0,7.1,NEW ZEALAND,N. NEW ZEALAND,-39.5,177.0,0.1
386,1931,2.0,,NEW ZEALAND,N. NEW ZEALAND,-39.5,177.0,
387,1931,3.0,7.6,JAPAN,SANRIKU,41.2,142.5,0.4
388,1931,3.0,7.1,CHILE,CENTRAL CHILE,-32.5,-72.0,
389,1931,6.0,6.0,UK,"DOGGER BANK, ENGLAND",54.0,1.067,
390,1931,8.0,7.0,PAPUA NEW GUINEA,BISMARCK SEA,-3.417,142.077,
391,1931,8.0,,USA,"ATLANTIC CITY, NJ",39.35,-74.417,3.0
392,1931,8.0,,PORTUGAL,AZORES,38.4,-27.1,
393,1931,9.0,7.4,INDONESIA,SW. SUMATRA,-5.0,102.75,1.0
394,1931,10.0,7.8,SOLOMON ISLANDS,SAN CRISTOBAL ISLAND,-10.932,161.016,9.0
395,1931,11.0,7.1,JAPAN,SEIKAIDO,32.2,132.1,0.8
396,1931,12.0,,CUBA,NORTHERN COAST (LAS VILLAS),22.8,-80.4,1.0
397,1932,2.0,6.7,CUBA,SANTIAGO DE CUBA,19.706,-75.691,
398,1932,5.0,,ITALY,CALABRIAN ARC,,,
399,1932,6.0,8.1,MEXICO,CENTRAL MEXICO,19.623,-103.919,10.0
400,1932,6.0,7.8,MEXICO,CENTRAL MEXICO,19.081,-103.631,1.0
401,1932,6.0,7.7,MEXICO,CENTRAL MEXICO,19.242,-104.383,10.0
402,1932,6.0,,MEXICO,S. MEXICO,,,
403,1932,9.0,6.2,INDONESIA,BANDA SEA,-3.57,128.35,
404,1932,9.0,6.8,NEW ZEALAND,N. NEW ZEALAND,-39.0,177.5,
405,1932,9.0,6.9,GREECE,NORTH AEGEAN,40.5,23.9,2.0
406,1932,11.0,,VENEZUELA,CUMANA,10.5,-64.2,
407,1932,11.0,,USA,"WILLETTS POINT, NEW YORK",,,5.4
408,1933,1.0,6.0,RUSSIA,"KHARIMKOTAN, N. KURIL ISLANDS",49.12,154.508,9.0
409,1933,2.0,7.6,CHILE,NORTHERN CHILE,-20.0,-71.0,
410,1933,3.0,8.4,JAPAN,SANRIKU,39.209,144.59,29.0
411,1933,3.0,6.3,USA,S. CALIFORNIA,33.616,-117.966,0.1
412,1933,4.0,6.4,GREECE,"COS, DODECANESE",36.759,27.299,2.0
413,1933,5.0,,TOGO,GOLD COAST,6.9,0.6,
414,1933,6.0,7.1,JAPAN,SANRIKU,38.1,142.4,0.2
415,1933,10.0,6.9,ECUADOR,ECUADOR,-2.0,-81.0,
416,1933,12.0,,PAPUA NEW GUINEA,BISMARCK SEA,-5.0,151.0,
417,1933,12.0,,PHILIPPINES,E. SAMAR ISLAND,12.77,124.05,
418,1934,1.0,8.0,NEPAL,"BIHAR-NEPAL, GANGES RIVER",26.773,86.76,
419,1934,2.0,7.9,PHILIPPINES,SOUTH CHINA SEA,17.5,119.0,
420,1934,4.0,,NORWAY,TAFJORD,62.267,7.4,62.3
421,1934,6.0,,ICELAND,ICELAND,66.0,-18.25,
422,1934,7.0,7.7,PANAMA,COSTA RICA-PANAMA,8.0,-82.5,
423,1934,7.0,7.8,SOLOMON ISLANDS,SOLOMON ISLANDS,-11.907,166.731,0.65
424,1934,7.0,7.2,SOLOMON ISLANDS,SOLOMON ISLANDS,-11.139,165.503,
425,1934,8.0,,USA,S. CALIFORNIA,33.7,-118.2,12.0
426,1934,11.0,7.0,MEXICO,MEXICO,18.5,-105.5,0.11
427,1934,12.0,6.9,CHILE,NORTHERN CHILE,-19.5,-69.5,
428,1934,12.0,,PAPUA NEW GUINEA,BISMARCK SEA,-4.2,152.2,
429,1935,1.0,6.4,TURKEY,MARMARA SEA,40.62,27.451,
430,1935,5.0,7.5,PAKISTAN,QUETTA,29.5,66.8,
431,1935,7.0,6.5,JAPAN,JAPAN,36.6,141.4,0.2
432,1935,8.0,,PORTUGAL,AZORES,,,
433,1935,9.0,7.8,PAPUA NEW GUINEA,BISMARCK SEA,-3.824,141.416,
434,1935,10.0,7.2,JAPAN,SANRIKU,39.9,143.7,0.3
435,1935,10.0,7.0,JAPAN,SANRIKU,40.7,144.3,0.2
436,1935,11.0,,USA,HAWAII,19.5,-155.5,
437,1935,11.0,6.5,INDONESIA,CELEBES SEA,5.5,94.0,
438,1935,12.0,6.0,CHINA,SICHUAN PROVINCE,28.7,103.6,
439,1935,12.0,7.9,INDONESIA,SW. SUMATRA,0.001,98.25,
440,1936,2.0,,NEW ZEALAND,"GOOSE BAY, SOUTH ISLAND",,,
441,1936,2.0,,NAURU,"NAURU, OCEAN ISLAND",-0.5,166.9,
442,1936,4.0,7.7,INDONESIA,SULAWESI,4.5,126.5,3.0
443,1936,7.0,7.3,CHILE,NORTHERN CHILE,-24.5,-70.0,1.0
444,1936,8.0,7.3,INDONESIA,OFF NORTHWEST COAST,6.1,94.7,
445,1936,9.0,,NORWAY,LOEN,61.87,6.851,74.0
446,1936,10.0,,USA,"LITUYA BAY, AK",58.6,-137.1,149.35
447,1936,11.0,7.7,JAPAN,SANRIKU,38.2,142.2,0.7
448,1936,11.0,7.3,RUSSIA,KAMCHATKA,55.2,164.0,13.0
449,1936,,,NEW CALEDONIA,NEW CALEDONIA,-20.5,165.0,2.2
450,1937,5.0,,PAPUA NEW GUINEA,RABAUL,-4.271,152.203,2.5
451,1937,8.0,7.5,PHILIPPINES,W. LUZON ISLAND,14.5,121.5,
452,1937,9.0,5.7,RUSSIA,KAMCHATKA,56.0,162.5,
453,1937,9.0,5.8,USA,"BERING SEA, AK",58.0,-165.0,
454,1937,9.0,5.8,RUSSIA,KAMCHATKA,58.0,165.0,
455,1937,11.0,6.0,INDONESIA,BANDA SEA,-3.0,132.3,0.5
456,1938,1.0,,CONGO,NYAMURAGIRA,-1.408,29.2,
457,1938,2.0,8.6,INDONESIA,BANDA SEA,-5.045,131.614,1.0
458,1938,2.0,,AUSTRALIA,"BONDI BEACH, SYDNEY",,,
459,1938,2.0,6.0,INDONESIA,BANDA SEA,-3.0,132.3,0.5
460,1938,3.0,,PAPUA NEW GUINEA,SOLOMON SEA,-5.1,153.1,0.03
461,1938,3.0,6.3,CANADA,BRITISH COLUMBIA,52.2,-131.9,
462,1938,3.0,,NORWAY,WESTERN NORWAY,62.333,6.967,
463,1938,5.0,7.5,PAPUA NEW GUINEA,SOLOMON SEA,-6.0,147.8,
464,1938,5.0,7.6,INDONESIA,MAKASSAR STRAIT,-1.0,120.0,3.0
465,1938,5.0,7.1,JAPAN,JAPAN TRENCH,36.7,141.4,0.83
466,1938,5.0,6.1,JAPAN,E. HOKKAIDO ISLAND,43.6,144.3,0.9
467,1938,6.0,7.6,JAPAN,RYUKYU ISLANDS,25.321,125.115,1.5
468,1938,7.0,,USA,"HOLLAND, MICHIGAN",,,
469,1938,9.0,,USA,NEW JERSEY COAST,39.95,-74.12,
470,1938,11.0,7.7,JAPAN,SANRIKU,37.1,141.7,0.57
471,1938,11.0,7.6,JAPAN,SANRIKU,37.2,141.7,0.56
472,1938,11.0,7.5,JAPAN,OFF FUKUSHIMA PREFECTURE,37.5,141.8,1.26
473,1938,11.0,7.1,JAPAN,OFF FUKUSHIMA PREFECTURE,37.0,141.7,1.25
474,1938,11.0,6.5,JAPAN,SANRIKU,37.6,141.2,
475,1938,11.0,8.2,USA,"SHUMAGIN ISLANDS, AK",55.48,-158.37,0.3
476,1938,11.0,6.0,JAPAN,SANRIKU,37.0,141.5,0.75
477,1938,11.0,6.9,JAPAN,SANRIKU,37.4,141.6,
478,1938,11.0,6.9,JAPAN,SANRIKU,36.7,142.1,0.3
479,1938,11.0,7.0,JAPAN,SANRIKU,37.0,142.2,0.2
480,1939,1.0,8.3,CHILE,CENTRAL CHILE,-36.25,-72.25,
481,1939,1.0,,ITALY,CALABRIAN ARC,38.5,14.7,
482,1939,1.0,7.7,PAPUA NEW GUINEA,SOLOMON SEA,-7.08,155.386,
483,1939,3.0,6.6,JAPAN,SEIKAIDO,32.3,132.0,0.8
484,1939,4.0,7.4,CHILE,NORTHERN CHILE,-27.0,-70.5,
485,1939,4.0,7.9,SOLOMON ISLANDS,SOLOMON ISLANDS,-9.295,159.234,10.5
486,1939,5.0,7.0,JAPAN,NW. HONSHU ISLAND,40.1,139.5,1.2
487,1939,5.0,6.5,PHILIPPINES,"TAYABAS BAY, SULU SEA",13.5,121.25,
488,1939,5.0,6.7,PORTUGAL,AZORES,37.198,-24.356,0.2
489,1939,6.0,6.4,GHANA,GOLD COAST,5.568,-0.625,
490,1939,7.0,,GRENADA,KICK 'EM JENNY VOLCANO,12.3,-61.63,2.0
491,1939,8.0,5.6,CUBA,SANTA CLARA,22.2,-79.1,
492,1939,12.0,8.0,INDONESIA,N. MOLUCCAS ISLANDS,0.0,123.0,
493,1939,12.0,7.8,TURKEY,SOUTH BLACK SEA,39.907,39.586,0.53
494,1940,1.0,5.1,ITALY,NORTHERN SICILY,38.067,13.467,
495,1940,5.0,8.2,PERU,CENTRAL PERU,-10.5,-77.0,2.0
496,1940,8.0,7.5,JAPAN,W. HOKKAIDO ISLAND,44.2,139.5,5.0
497,1940,8.0,,NORWAY,NORTHERN NORWAY,65.883,13.167,
498,1940,10.0,7.3,CHILE,NORTHERN CHILE,-22.0,-71.0,
499,1940,10.0,7.0,CHILE,SOUTHERN CHILE,-41.5,-74.5,
500,1941,1.0,7.4,PAPUA NEW GUINEA,BISMARCK SEA,-4.175,152.071,0.15
501,1941,1.0,6.0,CYPRUS,LEVANTIAN SEA,35.221,33.751,
502,1941,2.0,6.6,USA,NORTHERN CALIFORNIA,40.5,-125.25,
503,1941,3.0,,ITALY,CALABRIAN ARC,38.3,12.2,
504,1941,6.0,8.0,INDIA,"ANDAMAN SEA, E. COAST INDIA",11.94,92.626,1.5
505,1941,7.0,,SPAIN,"TENERIFE, CANARY ISLANDS",28.48,-16.25,6.0
506,1941,11.0,7.4,JAPAN,SEIKAIDO,32.0,132.1,1.2
507,1941,11.0,7.8,ATLANTIC OCEAN,AZORES GIBRALTAR FRACTURE ZONE,37.301,-18.966,0.23
508,1941,12.0,7.6,COSTA RICA,COSTA RICA-PANAMA,8.7,-83.2,0.21
509,1941,12.0,6.9,COSTA RICA,COSTA RICA-PANAMA,8.5,-84.0,0.12
510,1942,5.0,5.8,COLOMBIA,COLOMBIA,4.6,-74.5,1.0
511,1942,5.0,,NEW CALEDONIA,NEW CALEDONIA,-20.6,165.0,3.0
512,1942,8.0,8.2,PERU,S. PERU,-15.0,-76.0,2.0
513,1943,4.0,8.2,CHILE,CENTRAL CHILE,-30.75,-72.0,1.0
514,1943,6.0,7.1,JAPAN,SE. HOKKAIDO ISLAND,41.2,143.3,0.6
515,1944,4.0,,USA,"COLUMBIA RIVER VALLEY, WA",,,9.14
516,1944,8.0,,ITALY,STROMBOLI ISLAND,38.789,15.213,
517,1944,9.0,,USA,NEW JERSEY COAST,38.933,-74.9,
518,1944,10.0,6.7,TURKEY,"EDREMIT GULF, AEGEAN SEA",39.509,26.587,
519,1944,12.0,8.1,JAPAN,OFF SOUTHEAST COAST KII PENINSULA,34.0,137.1,10.0
520,1944,,,USA,"CONEY ISLAND, NY",40.3,-74.0,
521,1945,1.0,7.1,JAPAN,TOKAIDO,34.7,137.2,1.0
522,1945,2.0,7.3,JAPAN,SANRIKU,40.9,142.1,0.4
523,1945,11.0,8.0,PAKISTAN,MAKRAN COAST,24.5,63.0,17.0
524,1946,4.0,8.6,USA,"UNIMAK ISLAND, AK",53.492,-162.832,42.0
525,1946,6.0,7.3,CANADA,BRITISH COLUMBIA,49.87,-124.92,9.0
526,1946,8.0,7.9,CHILE,NORTHERN CHILE,-26.5,-70.5,
527,1946,8.0,7.9,DOMINICAN REPUBLIC,NORTHEASTERN COAST,19.25,-69.0,5.0
528,1946,8.0,7.5,DOMINICAN REPUBLIC,NORTHEASTERN COAST,19.5,-69.5,0.6
529,1946,9.0,7.0,PERU,S. PERU,-14.0,-76.25,
530,1946,11.0,7.0,USA,"ANDREANOF ISLANDS, AK",51.5,-174.5,
531,1946,11.0,,RUSSIA,N. KURIL ISLANDS,48.092,153.2,
532,1946,12.0,8.3,JAPAN,HONSHU: S COAST,33.123,135.905,6.6
533,1947,1.0,,USA,HAWAII,,,
534,1947,3.0,7.1,NEW ZEALAND,OFF COAST OF NORTH ISLAND,-38.85,178.87,10.0
535,1947,5.0,6.9,NEW ZEALAND,OFF COAST OF NORTH ISLAND,-38.42,178.88,6.0
536,1947,10.0,7.3,GREECE,"PELOPONNESUS, GREECE",36.808,21.916,1.0
537,1947,11.0,7.0,JAPAN,W. HOKKAIDO ISLAND,43.8,141.0,2.0
538,1948,1.0,7.8,PHILIPPINES,SULU SEA,10.714,122.235,
539,1948,2.0,7.3,GREECE,"DODECANESE, KARPATHOS IS.",35.64,27.158,7.3
540,1948,4.0,7.2,JAPAN,TOKAIDO,33.1,135.6,0.6
541,1948,4.0,6.5,GREECE,IONIAN SEA,38.532,20.427,1.0
542,1948,5.0,6.0,CHINA,SHANDONG PROVINCE,37.2,121.8,3.0
543,1948,6.0,6.3,INDONESIA,OFF NORTHWEST COAST,6.0,95.0,
544,1948,9.0,7.8,TONGA,TONGA TRENCH,-21.0,-174.0,0.1
545,1948,12.0,6.9,MEXICO,MEXICO,22.0,-106.0,5.0
546,1948,12.0,7.0,CHILE,NORTHERN CHILE,-22.5,-69.0,
547,1949,1.0,5.9,RUSSIA,KAMCHATKA,54.6,163.5,
548,1949,2.0,,GREECE,WEST COAST OF GREECE,38.2,20.0,
549,1949,4.0,7.0,USA,"PUGET SOUND, WA",47.167,-122.617,
550,1949,4.0,,USA,"PUGET SOUND, WA",47.3,-122.533,2.4
551,1949,4.0,7.3,CHILE,CENTRAL CHILE,-38.0,-73.5,
552,1949,5.0,6.7,INDONESIA,BANDA ACEH,5.0,95.0,
553,1949,7.0,6.5,GREECE,"CHIOS ISLAND, AEGEAN ISLANDS",38.718,26.482,2.0
554,1949,7.0,,USA,"COLUMBIA RIVER VALLEY, WA",,,19.81
555,1949,8.0,8.1,CANADA,BRITISH COLUMBIA,53.6,-133.3,0.61
556,1949,9.0,6.4,PHILIPPINES,NORTHERN LUZON ISLAND,17.0,121.5,0.1
557,1949,9.0,6.7,USA,"GULF OF ALASKA, AK",59.75,-149.0,
558,1949,10.0,7.5,PAPUA NEW GUINEA,SOLOMON SEA,-5.5,154.0,0.3
559,1949,12.0,7.8,CHILE,SOUTHERN CHILE,-54.0,-71.0,
560,1949,12.0,7.8,CHILE,SOUTHERN CHILE,-54.0,-71.0,
561,1949,12.0,7.2,PHILIPPINES,E. LUZON ISLAND,17.0,121.63,
562,1950,1.0,7.0,CHILE,SOUTHERN CHILE,-53.5,-71.5,
563,1950,3.0,5.8,NEW ZEALAND,N. NEW ZEALAND,-37.8,177.2,
564,1950,4.0,,PANAMA,OFF COAST,6.5,-83.0,
565,1950,8.0,6.4,VENEZUELA,EL TOCUYO,9.71,-69.819,
566,1950,8.0,8.6,INDIA,INDIA-CHINA,28.5,96.5,0.5
567,1950,10.0,7.7,COSTA RICA,COSTA RICA-NICARAGUA,11.0,-85.0,2.0
568,1950,10.0,7.6,INDONESIA,BANDA SEA,-3.8,128.3,
569,1950,10.0,,NORWAY,MID-NORWAY,63.433,10.383,
570,1950,10.0,7.5,GUATEMALA,GUATEMALA,14.31,-91.917,0.2
571,1950,11.0,7.3,SOLOMON ISLANDS,SOLOMON SEA,-10.0,159.5,1.2
572,1950,12.0,7.8,VANUATU,VANUATU ISLANDS,-18.25,167.5,2.5
573,1950,12.0,7.0,PERU,S. PERU,-14.25,-77.75,0.7
574,1950,12.0,7.5,MEXICO,S. MEXICO,16.48,-98.22,0.3
575,1951,2.0,6.1,PAPUA NEW GUINEA,BISMARCK SEA,-3.252,142.238,6.0
576,1951,2.0,,USA,"COLUMBIA RIVER VALLEY, WA",,,3.0
577,1951,8.0,6.0,NICARAGUA,COSIGUINA VOLCANO,13.0,-87.5,
578,1951,8.0,6.9,USA,HAWAII,19.5,-156.0,3.6
579,1951,10.0,7.3,TAIWAN,TAIWAN,23.8,121.7,0.3
580,1951,12.0,6.3,CHINA,CHINA: GANSU AND SHANXI PROVINCES,26.7,100.0,2.0
581,1951,12.0,,SOLOMON ISLANDS,KAVACHI,-9.02,157.95,
582,1952,1.0,,NORWAY,MID-NORWAY,64.883,12.417,2.0
583,1952,3.0,8.1,JAPAN,SE. HOKKAIDO ISLAND,42.15,143.85,6.54
584,1952,3.0,7.0,JAPAN,SE. HOKKAIDO ISLAND,41.7,143.6,0.3
585,1952,3.0,4.5,USA,HAWAII,19.1,-155.0,3.0
586,1952,3.0,7.8,PHILIPPINES,"E. OF MINDANO, PHILIPPINES",9.5,127.25,0.33
587,1952,4.0,,USA,"COLUMBIA RIVER VALLEY, WA",,,19.81
588,1952,5.0,,USA,"LAKE HURON, MI",43.1,-82.4,1.52
589,1952,5.0,6.4,COSTA RICA,COSTA RICA-PANAMA,10.088,-85.211,0.07
590,1952,7.0,6.8,VANUATU,OFF EAST COAST OF VANUATU,-18.5,169.25,
591,1952,9.0,,JAPAN,MYOJINSHO SUBMARINE VOLCANO,32.1,139.85,0.15
592,1952,9.0,,JAPAN,MYOJINSHO SUBMARINE VOLCANO,32.1,139.85,0.05
593,1952,9.0,,JAPAN,MYOJINSHO SUBMARINE VOLCANO,32.1,139.85,0.15
594,1952,9.0,,JAPAN,MYOJINSHO SUBMARINE VOLCANO,32.1,139.85,0.1
595,1952,10.0,,USA,"COLUMBIA RIVER VALLEY, WA",,,
596,1952,11.0,9.0,RUSSIA,KAMCHATKA,52.755,160.057,23.0
597,1952,12.0,,GREENLAND,"SOUTH COAST OF NUUSSUAQ, GREENLAND",70.35,-53.24,2.5
598,1953,2.0,,USA,"COLUMBIA RIVER VALLEY, WA",,,
599,1953,2.0,5.5,PERU,CENTRAL PERU,-12.0,-77.5,0.7
600,1953,2.0,,USA,"COLUMBIA RIVER VALLEY, WA",,,4.8
601,1953,3.0,,JAPAN,MYOJINSHO SUBMARINE VOLCANO,32.1,139.85,6.0
602,1953,3.0,5.8,RUSSIA,N. KURIL ISLANDS,50.0,156.5,3.0
603,1953,3.0,,JAPAN,MYOJINSHO SUBMARINE VOLCANO,32.1,139.85,0.05
604,1953,4.0,7.4,PAPUA NEW GUINEA,"RABAUL, NEW BRITAIN",-4.449,152.868,
605,1953,5.0,7.6,CHILE,CENTRAL CHILE,-36.5,-72.5,
606,1953,5.0,7.2,DOMINICAN REPUBLIC,PUERTO PLATA,19.8,-70.7,0.06
607,1953,6.0,,PAPUA NEW GUINEA,BISMARCK SEA,-2.4,147.4,
608,1953,8.0,6.8,GREECE,IONIAN SEA,38.1,20.6,1.0
609,1953,8.0,7.2,GREECE,IONIAN SEA,38.3,20.8,
610,1953,8.0,,USA,"COLUMBIA RIVER VALLEY, WA",,,
611,1953,9.0,6.3,CYPRUS,LEVANTIAN SEA,34.741,32.335,
612,1953,9.0,6.4,FIJI,FIJI ISLANDS,-18.3,178.2,15.0
613,1953,11.0,,AUSTRALIA,TASMANIA,-41.0,147.4,2.4
614,1953,11.0,7.4,JAPAN,"KASHIMA, JAPAN",34.0,141.7,3.0
615,1953,12.0,7.4,PERU,N. PERU,-3.4,-80.6,1.0
616,1954,1.0,,ARGENTINA,MAR DEL PLATA,-38.0,-57.0,1.0
617,1954,2.0,7.3,CHINA,CHINA: GANSU AND SHANXI PROVINCES,,,
618,1954,2.0,,ITALY,STROMBOLI ISLAND,38.789,15.213,
619,1954,6.0,,USA,"MICHIGAN CITY, IN (LAKE MICHIGAN)",41.7,-86.883,3.0
620,1954,9.0,6.7,ALGERIA,SEA OF ALBORAN,36.274,1.594,0.33
621,1954,10.0,,GREENLAND,"APUTITEQ POINT, GREENLAND",67.47,-32.283,18.28
622,1954,11.0,6.1,JAPAN,"MIYAGI, JAPAN",38.9,142.2,
623,1955,1.0,5.5,VENEZUELA,OFF THE COAST NEAR LA VELA,11.46,-69.57,
624,1955,4.0,6.2,GREECE,VOLOS GULF,39.4,23.1,
625,1955,4.0,7.1,CHILE,CENTRAL CHILE,-30.0,-72.0,1.0
626,1955,5.0,7.3,INDIA,LITTLE NICOBAR ISLAND,6.5,94.0,
627,1955,9.0,6.5,PAPUA NEW GUINEA,SOLOMON SEA,-6.9,155.7,
628,1955,9.0,6.8,CHINA,"JINSHA RIVER, YUNNAN PROVINCE",26.6,101.8,1.0
629,1955,10.0,7.3,PAPUA NEW GUINEA,BISMARCK SEA,-5.1,152.924,
630,1956,1.0,7.1,CHILE,NORTHERN CHILE,-19.0,-70.0,
631,1956,3.0,5.3,NEW ZEALAND,"LAKE TAUPO, NORTH ISLAND",-38.9,175.8,0.9
632,1956,3.0,6.3,JAPAN,NE. HOKKAIDO ISLAND,44.3,144.1,0.4
633,1956,3.0,,RUSSIA,KAMCHATKA,55.978,160.587,0.3
634,1956,7.0,7.7,GREECE,CYCLADES,36.664,25.957,30.0
635,1956,7.0,6.8,GREECE,"AMORGOS ISLAND, AEGEAN ISLANDS",36.8,25.5,10.0
636,1956,8.0,6.5,JAPAN,IZU PENINSULA,33.8,138.8,
637,1956,11.0,5.8,GREECE,NORTH AEGEAN,39.5,23.0,1.2
638,1956,12.0,7.0,CHILE,NORTHERN CHILE,-25.5,-71.0,
639,1957,3.0,8.6,USA,"ANDREANOF ISLANDS, AK",51.292,-175.629,32.0
640,1957,6.0,7.3,INDONESIA,NW. IRIAN JAYA,-1.5,137.0,1.8
641,1957,7.0,7.9,MEXICO,S. MEXICO,16.5,-99.1,1.3
642,1957,7.0,7.0,CHILE,NORTHERN CHILE,-23.5,-71.5,
643,1957,9.0,5.5,INDONESIA,SOUTH OF JAVA,-8.2,107.3,0.7
644,1957,10.0,6.0,INDONESIA,MAKASSAR STRAIT,-2.0,116.0,
645,1957,11.0,,USA,HAWAII,,,0.1
646,1957,11.0,,SOLOMON ISLANDS,"MALAITA ISLAND, SOLOMON ISLANDS",-8.57,160.72,2.7
647,1958,1.0,7.6,ECUADOR,COLOMBIA-ECUADOR,1.5,-79.5,
648,1958,2.0,6.2,CHINA,SICHUAN PROVINCE,31.5,105.0,
649,1958,4.0,,PERU,PERU,,,
650,1958,4.0,6.5,INDONESIA,"BENGKULU, SUMATRA",-4.5,104.0,
651,1958,7.0,7.8,USA,"SE. ALASKA, AK",58.37,-136.665,524.6
652,1958,9.0,5.0,RUSSIA,N. KURIL ISLANDS,48.6,156.1,0.23
653,1958,10.0,,VANUATU,KUWAE VOLCANO,-16.829,168.536,
654,1958,11.0,6.1,PACIFIC OCEAN,EAST PACIFIC RISE,-50.0,-115.0,0.1
655,1958,11.0,8.3,RUSSIA,S. KURIL ISLANDS,44.53,148.54,5.0
656,1958,11.0,7.0,RUSSIA,S. KURIL ISLANDS,44.2,148.8,1.0
657,1959,1.0,6.8,JAPAN,SANRIKU,37.5,142.2,0.8
658,1959,2.0,7.4,PERU,N. PERU,-4.0,-81.5,0.4
659,1959,2.0,,GREECE,"GRECIAN ARCHIPELAGO, CRETE",40.63,22.97,1.0
660,1959,4.0,5.0,RUSSIA,S. KURIL ISLANDS,44.3,149.0,0.1
661,1959,5.0,8.2,RUSSIA,KAMCHATKA,52.5,159.5,0.2
662,1959,5.0,,NORWAY,NORTHERN NORWAY,69.817,20.917,4.0
663,1959,8.0,7.3,SOLOMON ISLANDS,SOLOMON ISLANDS,-7.5,156.0,1.0
664,1959,8.0,7.5,USA,"HEGBEN LAKE, MONTANA",44.712,-111.215,1.0
665,1959,8.0,6.5,RUSSIA,LAKE BAYKAL (BAIKAL),52.0,106.5,
666,1959,10.0,6.7,JAPAN,SANRIKU,37.5,143.2,0.11
667,1960,1.0,7.8,PERU,S. PERU,-15.75,-72.75,5.7
668,1960,2.0,6.8,MOROCCO,MOROCCO,30.5,-9.5,
669,1960,3.0,7.5,JAPAN,SANRIKU,39.8,143.4,1.0
670,1960,3.0,6.7,JAPAN,SANRIKU,39.4,143.7,0.75
671,1960,5.0,8.2,CHILE,CENTRAL CHILE,-37.872,-73.243,0.5
672,1960,5.0,9.5,CHILE,SOUTHERN CHILE,-38.143,-73.407,25.0
673,1960,5.0,6.7,CHILE,SOUTHERN CHILE,,,
674,1960,6.0,6.6,PAPUA NEW GUINEA,SOLOMON SEA,-9.4,152.3,
675,1960,7.0,6.7,JAPAN,SANRIKU,40.3,142.5,0.3
676,1960,11.0,7.4,CHILE,SOUTHERN CHILE,-38.5,-75.1,
677,1960,11.0,6.8,PERU,N. PERU,-6.8,-80.7,9.0
678,1961,1.0,6.8,JAPAN,"KASHIMA, JAPAN",36.0,142.3,0.4
679,1961,1.0,6.4,JAPAN,"KASHIMA, JAPAN",36.0,141.9,0.4
680,1961,1.0,6.5,JAPAN,"KASHIMA, JAPAN",36.2,141.9,0.4
681,1961,2.0,6.6,RUSSIA,S. KURIL ISLANDS,43.2,147.9,1.0
682,1961,2.0,7.6,JAPAN,SEIKAIDO,31.6,131.8,0.65
683,1961,3.0,,SOLOMON ISLANDS,"HONIARA, GUADALCANAL",-9.43,159.95,3.6
684,1961,5.0,6.4,TURKEY,ASIA MINOR,36.693,28.594,
685,1961,6.0,,ITALY,AEGEAN SEA,,,0.9
686,1961,6.0,6.5,COLOMBIA,NORTHEASTERN,8.9,-73.4,
687,1961,7.0,6.6,JAPAN,RYUKYU ISLANDS,29.6,131.8,0.2
688,1961,7.0,7.3,VANUATU,VANUATU ISLANDS,-18.421,168.411,0.9
689,1961,8.0,6.4,SOLOMON ISLANDS,SOLOMON SEA,-9.849,160.614,0.9
690,1961,8.0,7.0,JAPAN,SE. HOKKAIDO ISLAND,42.9,145.6,0.1
691,1961,10.0,6.5,CHILE,CENTRAL CHILE,-36.7,-73.0,
692,1961,10.0,6.5,CHILE,CENTRAL CHILE,-36.7,-73.0,
693,1961,11.0,6.9,JAPAN,SE. HOKKAIDO ISLAND,42.7,145.7,0.1
694,1962,1.0,6.1,CROATIA,DALMATIAN COASTS,43.3,17.1,0.04
695,1962,3.0,6.8,PANAMA,COSTA RICA-PANAMA,8.008,-82.757,0.1
696,1962,4.0,7.2,JAPAN,SANRIKU,38.073,142.741,1.0
697,1962,4.0,7.0,JAPAN,SE. HOKKAIDO ISLAND,42.2,143.9,0.1
698,1962,5.0,7.0,MEXICO,S. MEXICO,17.2,-99.6,0.81
699,1962,5.0,7.2,MEXICO,S. MEXICO,17.2,-99.5,0.34
700,1962,5.0,5.7,JAPAN,OFF COAST OF HONSHU ISLAND,41.8,142.4,0.1
701,1962,5.0,4.5,GREECE,NORTH AEGEAN SEA,39.8,25.0,
702,1962,12.0,6.5,USA,"FOX ISLANDS, ALEUTIAN ISLANDS, AK",52.47,-168.54,
703,1963,2.0,,GREECE,CORINTH GULF,38.31,22.02,6.0
704,1963,2.0,7.3,TAIWAN,E. TAIWAN-RYUKYU ISLANDS,24.4,122.1,0.2
705,1963,3.0,,CANADA,"GRAHAM ISLAND, BRITISH COLUMBIA",54.0,-132.25,5.5
706,1963,3.0,,INDONESIA,LESSER SUNDA: BALI: AGUNG VOLCANO,-8.342,115.508,
707,1963,9.0,6.2,TURKEY,MARMARA SEA,40.698,29.159,1.0
708,1963,9.0,7.0,PERU,CENTRAL PERU,-10.385,-78.022,
709,1963,10.0,,ITALY,"VAJONT DAM, VAJONT RIVER",46.267,12.329,235.0
710,1963,10.0,7.1,RUSSIA,S. KURIL ISLANDS,44.426,149.272,0.12
711,1963,10.0,8.5,RUSSIA,S. KURIL ISLANDS,44.772,149.798,4.5
712,1963,10.0,7.9,RUSSIA,S. KURIL ISLANDS,44.772,150.563,15.0
713,1963,12.0,6.6,INDONESIA,JAVA,-6.4,105.4,
714,1963,12.0,7.2,TONGA,TONGA TRENCH,-24.8,-176.6,
715,1964,3.0,,USA,"GULF OF ALASKA, AK",,,0.08
716,1964,3.0,9.2,USA,"PRINCE WILLIAM SOUND, AK",61.017,-147.648,51.8
717,1964,4.0,7.0,INDONESIA,OFF NORTHWEST COAST OF INDONESIA,5.8,95.4,
718,1964,5.0,6.9,JAPAN,NW. HONSHU ISLAND,40.3,139.0,0.6
719,1964,5.0,6.6,JAPAN,NW. HONSHU ISLAND,40.4,139.0,
720,1964,5.0,,USA,"LONG ISLAND, NY",40.8,-73.1,0.28
721,1964,6.0,7.5,JAPAN,NW. HONSHU ISLAND,38.65,139.2,5.8
722,1964,7.0,6.8,RUSSIA,S. KURIL ISLANDS,47.159,153.876,0.08
723,1964,11.0,7.6,PAPUA NEW GUINEA,NEW BRITAIN,-5.7,150.7,0.05
724,1964,12.0,6.3,JAPAN,NW. HONSHU ISLAND,40.4,138.9,0.1
725,1965,1.0,7.6,INDONESIA,SANANA ISLAND,-2.4,126.1,
726,1965,1.0,,USA,"COLUMBIA RIVER VALLEY, WA",,,
727,1965,2.0,8.7,USA,"RAT ISLANDS, ALEUTIAN ISLANDS, AK",51.29,178.55,10.7
728,1965,2.0,,CHILE,SOUTHERN CHILE,-41.755,-72.396,60.0
729,1965,2.0,7.0,CHILE,NORTHERN CHILE,-25.67,-70.63,
730,1965,3.0,6.3,GREECE,AEGEAN SEA,39.4,24.0,
731,1965,3.0,6.0,CHILE,CENTRAL CHILE,-31.81,-71.26,
732,1965,3.0,7.6,USA,"RAT ISLANDS, ALEUTIAN ISLANDS, AK",50.32,177.93,0.1
733,1965,4.0,6.0,JAPAN,AICHI PREFECTURE,34.9,139.0,0.1
734,1965,6.0,7.2,RUSSIA,S. KURIL ISLANDS,44.7,148.7,0.1
735,1965,7.0,6.5,USA,"FOX ISLANDS, ALEUTIAN ISLANDS, AK",53.03,-167.55,0.08
736,1965,7.0,6.1,GREECE,NORTH CORINTH GULF,38.384,22.545,3.0
737,1965,8.0,7.0,VANUATU,VANUATU ISLANDS,-15.8,167.2,7.0
738,1965,8.0,7.3,VANUATU,VANUATU ISLANDS,-15.9,166.8,2.0
739,1965,8.0,7.8,MEXICO,MEXICO,16.3,-95.8,0.4
740,1965,9.0,,PHILIPPINES,"TAAL, LUZON ISLAND",14.002,120.993,4.7
741,1965,10.0,6.5,CHILE,SOUTHERN CHILE,-42.9,-75.13,
742,1965,10.0,,GRENADA,KICK 'EM JENNY VOLCANO,12.3,-61.63,
743,1966,3.0,7.6,TAIWAN,E. TAIWAN-RYUKYU ISLANDS,24.1,122.6,0.1
744,1966,5.0,,NORWAY,EASTERN NORWAY,59.6,10.633,6.0
745,1966,6.0,7.1,SOLOMON ISLANDS,SOLOMON ISLANDS,-10.343,160.883,0.2
746,1966,7.0,5.5,RUSSIA,BLACK SEA,44.75,37.0,0.2
747,1966,10.0,8.1,PERU,CENTRAL PERU,-10.748,-78.638,3.0
748,1966,11.0,,SOLOMON ISLANDS,"MOHAWK BAY, SANTA CRUZ ISLANDS",-10.28,166.23,
749,1966,12.0,7.8,CHILE,NORTHERN CHILE,-25.5,-70.7,0.42
750,1966,12.0,7.8,SOLOMON ISLANDS,SANTA CRUZ ISLANDS,-11.893,166.445,2.0
751,1966,12.0,7.2,SOLOMON ISLANDS,SANTA CRUZ ISLANDS,-12.334,166.684,0.8
752,1966,,,SOLOMON ISLANDS,"TINAKULA, SANTA CRUZ ISLANDS",-10.38,165.8,
753,1967,3.0,7.0,RUSSIA,S. KURIL ISLANDS,45.53,151.11,
754,1967,4.0,5.5,INDONESIA,MAKASSAR STRAIT,-3.7,119.3,
755,1967,4.0,6.1,INDONESIA,NORTHEAST SUMATRA,5.5,97.3,
756,1967,7.0,6.6,VENEZUELA,CARACAS,10.559,-67.33,0.08
757,1967,8.0,6.4,PAPUA NEW GUINEA,BISMARCK SEA,-4.4,152.5,0.1
758,1967,9.0,7.0,PERU,CENTRAL PERU,-10.6,-79.8,2.0
759,1967,10.0,,USA,"GREWINGK, AK",59.621,-151.106,60.0
760,1967,11.0,5.9,CHILE,NORTHERN CHILE,-28.78,-71.19,
761,1967,12.0,,ANTARCTICA,"TELEPHONE BAY, DECEPCION ISLAND",-63.0,-60.5,1.0
762,1967,12.0,,USA TERRITORY,NORTHERN COAST OF PUERTO RICO,,,
763,1967,12.0,7.5,CHILE,NORTHERN CHILE,-21.7,-69.5,
764,1968,1.0,7.3,RUSSIA,S. KURIL ISLANDS,43.586,146.701,0.18
765,1968,2.0,7.2,GREECE,"LEMNOS ISLAND, NORTH AEGEAN SEA",39.368,24.957,1.2
766,1968,4.0,7.5,JAPAN,SEIKAIDO,32.3,132.5,3.07
767,1968,4.0,4.6,ITALY,LIGURIA-COTE D'AZUR,44.08,8.0,3.0
768,1968,5.0,,CHILE,EASTER ISLAND REGION,-27.15,-109.45,
769,1968,5.0,8.2,JAPAN,OFF EAST COAST OF HONSHU ISLAND,40.8,143.2,6.0
770,1968,5.0,7.5,JAPAN,OFF COAST OF HONSHU ISLAND,41.5,142.7,0.58
771,1968,6.0,7.2,JAPAN,SANRIKU,39.4,143.1,0.95
772,1968,7.0,7.3,NEW ZEALAND,KERMADEC ISLANDS,-30.8,-178.4,0.05
773,1968,8.0,7.3,PHILIPPINES,E. LUZON ISLAND,16.5,122.2,0.16
774,1968,8.0,7.3,MEXICO,ACAPULCO,16.519,-97.739,
775,1968,8.0,6.5,JAPAN,SEIKAIDO-NANKAIDO,33.3,132.2,0.03
776,1968,8.0,7.6,INDONESIA,N. MOLUCCAS ISLANDS,1.4,126.2,0.4
777,1968,8.0,7.8,INDONESIA,BANDA SEA,0.2,119.8,10.0
778,1968,9.0,6.6,TURKEY,BLACK SEA,41.8,32.3,3.0
779,1968,9.0,6.5,VENEZUELA,CARUPANO,10.697,-62.748,
780,1968,9.0,6.1,MEXICO,S. MEXICO-GUATEMALA-NICARAGUA,15.573,-92.536,2.0
781,1969,2.0,7.0,INDONESIA,MAKASSAR STRAIT,-3.201,118.904,4.0
782,1969,2.0,7.8,PORTUGAL,PORTUGAL,36.017,-10.95,0.9
783,1969,3.0,,PHILIPPINES,LUZON ISLAND,19.077,122.202,
784,1969,3.0,7.0,EGYPT,GULF OF SUEZ,27.7,34.0,
785,1969,4.0,,SWEDEN,NORSALV RIVER,59.4,13.5,5.0
786,1969,4.0,6.5,JAPAN,RYUKYU ISLANDS,32.2,132.1,0.1
787,1969,7.0,,ATLANTIC OCEAN,SOUTHWEST IBERIAN,28.25,-16.26,0.06
788,1969,7.0,7.4,CHINA,BOHAI SEA,38.2,119.4,0.1
789,1969,8.0,5.4,PAPUA NEW GUINEA,BISMARCK SEA,-6.6,146.9,
790,1969,8.0,8.2,RUSSIA,S. KURIL ISLANDS,43.6,147.9,5.0
791,1969,8.0,,SOUTH AFRICA,SOUTH AFRICA,,,2.9
792,1969,11.0,7.7,RUSSIA,KAMCHATKA,57.7,163.6,15.0
793,1969,12.0,7.2,GUADELOUPE (FRENCH TERRITORY),GRAND BOURG,15.8,-59.7,0.23
794,1970,1.0,7.6,PHILIPPINES,PHILIPPINE TRENCH,6.8,126.7,0.06
795,1970,3.0,6.0,USA,"ANDREANOF ISLANDS, AK",57.5,-153.9,0.03
796,1970,4.0,7.3,PHILIPPINES,PHILIPPINE SEA,15.78,121.71,
797,1970,5.0,6.5,RUSSIA,CASPIAN SEA,43.0,47.1,
798,1970,5.0,7.9,PERU,N. PERU,-9.2,-78.8,0.46
799,1970,6.0,6.0,CHILE,SOUTHERN CHILE,-52.0,-73.8,
800,1970,6.0,6.4,CHILE,NORTHERN CHILE,-22.28,-70.55,
801,1970,7.0,7.0,JAPAN,SEIKAIDO,32.2,131.7,0.32
802,1970,9.0,5.1,NEW ZEALAND,NEW ZEALAND,-44.64,173.62,1.0
803,1970,9.0,5.3,PHILIPPINES,PHILIPPINE TRENCH,20.6,122.0,
804,1970,10.0,7.3,PAPUA NEW GUINEA,PAPUA NEW GUINEA,-4.907,145.471,3.0
805,1970,11.0,6.0,CHILE,NORTHERN CHILE,-20.94,-69.81,
806,1970,12.0,5.1,RUSSIA,BLACK SEA,43.84,39.34,0.8
807,1971,3.0,,PERU,CHUNGAR,-11.116,-76.5,30.0
808,1971,5.0,7.1,USA,"ANDREANOF ISLANDS, AK",51.228,-177.173,0.04
809,1971,7.0,7.8,CHILE,CENTRAL CHILE,-32.5,-71.2,0.6
810,1971,7.0,7.9,PAPUA NEW GUINEA,SOLOMON SEA,-5.5,153.9,6.0
811,1971,7.0,7.9,PAPUA NEW GUINEA,SOLOMON SEA,-4.9,153.2,10.0
812,1971,8.0,7.3,JAPAN,JAPAN TRENCH,41.4,143.5,0.51
813,1971,9.0,7.1,RUSSIA,TATAR STRAIT,46.5,141.2,2.0
814,1971,9.0,5.5,RUSSIA,TATAR STRAIT,46.7,141.4,0.32
815,1971,9.0,,SOLOMON ISLANDS,"TINAKULA, SANTA CRUZ ISLANDS",-10.38,165.8,
816,1971,9.0,6.6,RUSSIA,TATAR STRAIT,46.4,141.1,0.09
817,1971,9.0,6.2,RUSSIA,TATAR STRAIT,46.3,140.9,0.07
818,1971,9.0,7.0,PAPUA NEW GUINEA,BISMARCK SEA,-6.5,146.6,1.8
819,1971,9.0,6.0,RUSSIA,TATAR STRAIT,46.4,141.1,0.03
820,1971,11.0,5.7,USA,"RAT ISLANDS, ALEUTIAN ISLANDS, AK",51.5,179.1,0.1
821,1971,12.0,7.8,RUSSIA,KAMCHATKA,56.0,163.3,0.47
822,1972,1.0,7.5,TAIWAN,E. TAIWAN,22.5,122.3,0.05
823,1972,2.0,7.4,JAPAN,EAST OFF HACHIJO ISLAND,33.3,140.8,0.42
824,1972,6.0,6.6,CHILE,CENTRAL CHILE,-30.5,-71.8,
825,1972,7.0,7.6,USA,"SE. ALASKA, AK",56.82,-135.685,0.1
826,1972,8.0,7.1,PAPUA NEW GUINEA,SOLOMON SEA,-6.0,152.9,0.6
827,1972,8.0,,PAPUA NEW GUINEA,SOLOMON SEA,-6.7,147.0,1.5
828,1972,9.0,5.2,JAPAN,JAPAN,32.9,130.3,
829,1972,10.0,,PAPUA NEW GUINEA,"RITTER ISLAND, PAPUA NEW GUINEA",-5.52,148.121,
830,1972,12.0,7.4,PHILIPPINES,"MINDANAO ISLAND, PHILIPPINES",6.5,126.6,0.5
831,1972,12.0,7.4,JAPAN,CHICHI JIMA,33.3,140.7,0.5
832,1972,12.0,5.4,CHILE,CENTRAL CHILE,-30.6,-71.0,
833,1973,1.0,7.5,MEXICO,S. MEXICO,18.48,-103.0,1.13
834,1973,2.0,7.2,RUSSIA,N. KURIL ISLANDS,50.5,156.6,1.5
835,1973,3.0,7.5,PHILIPPINES,QUEZON,13.4,122.8,1.3
836,1973,6.0,7.7,JAPAN,HOKKAIDO ISLAND,43.2,145.8,5.96
837,1973,6.0,7.1,RUSSIA,S. KURIL ISLANDS,43.3,146.4,0.64
838,1973,6.0,6.6,RUSSIA,S. KURIL ISLANDS,43.2,146.6,0.21
839,1973,10.0,6.7,CHILE,CENTRAL CHILE,-32.5,-71.5,0.2
840,1973,12.0,,INDONESIA,LESSER SUNDA ISLANDS,-8.54,123.59,
841,1974,1.0,7.0,SOLOMON ISLANDS,SOLOMON ISLANDS,-7.5,155.9,1.5
842,1974,2.0,7.1,SOLOMON ISLANDS,SOLOMON ISLANDS,-7.4,155.6,4.5
843,1974,5.0,6.7,JAPAN,TOKAIDO,34.6,138.7,0.2
844,1974,8.0,7.1,CHILE,SOUTHERN CHILE,-38.5,-73.4,
845,1974,9.0,6.7,RUSSIA,S. KURIL ISLANDS,43.2,146.7,0.37
846,1974,10.0,8.1,PERU,CENTRAL PERU,-12.27,-77.79,0.92
847,1974,10.0,,CANADA,"KITIMAT INLET, BRITISH COLOMBIA",54.0,-128.7,2.8
848,1974,10.0,,PAPUA NEW GUINEA,"RITTER ISLAND, PAPUA NEW GUINEA",-5.52,148.121,0.5
849,1974,12.0,6.2,PAKISTAN,PAKISTAN,35.1,72.9,
850,1975,1.0,5.9,INDONESIA,BANDA SEA,-5.0,130.0,
851,1975,3.0,6.9,CHILE,CENTRAL CHILE,-29.9,-71.3,
852,1975,4.0,,CANADA,"KITIMAT INLET, BRITISH COLUMBIA",53.98,-128.68,4.1
853,1975,5.0,7.8,ATLANTIC OCEAN,AZORES GIBRALTAR FRACTURE ZONE,35.962,-17.576,0.5
854,1975,6.0,7.0,RUSSIA,S. KURIL ISLANDS,43.024,147.734,5.5
855,1975,7.0,7.9,PAPUA NEW GUINEA,SOLOMON SEA,-6.59,155.054,2.0
856,1975,10.0,7.6,PHILIPPINES,PHILIPPINE TRENCH,12.54,125.993,3.0
857,1975,11.0,7.7,USA,HAWAII,19.451,-155.033,14.3
858,1975,12.0,4.9,FIJI,FIJI ISLANDS,-18.672,178.464,0.25
859,1975,12.0,7.8,SAMOA,SAMOA ISLANDS,-16.265,-172.467,0.38
860,1976,1.0,8.0,NEW ZEALAND,KERMADEC ISLANDS,-28.427,-177.657,0.9
861,1976,1.0,7.0,RUSSIA,S. KURIL ISLANDS,44.915,149.123,0.38
862,1976,2.0,7.5,GUATEMALA,GUATEMALA,15.324,-89.101,0.12
863,1976,7.0,6.7,PANAMA,PANAMA,7.4,-78.1,
864,1976,8.0,8.0,PHILIPPINES,MORO GULF,6.292,124.09,9.0
865,1977,4.0,7.6,SAMOA,SAMOA ISLANDS,-16.696,-172.095,0.08
866,1977,4.0,6.8,SOLOMON ISLANDS,SOLOMON ISLANDS,-9.828,163.323,0.15
867,1977,4.0,7.6,SOLOMON ISLANDS,SOLOMON ISLANDS,-9.89,160.348,
868,1977,4.0,8.1,SOLOMON ISLANDS,SOLOMON ISLANDS,-9.965,160.731,0.04
869,1977,6.0,7.2,TONGA,TONGA TRENCH,-22.878,-175.9,0.4
870,1977,8.0,8.3,INDONESIA,SUNDA ISLANDS,-11.164,118.378,15.0
871,1977,8.0,5.5,PAPUA NEW GUINEA,ADMIRALTY ISLANDS,-1.1,146.2,0.5
872,1977,8.0,5.5,PAPUA NEW GUINEA,ADMIRALTY ISLANDS,-1.081,146.23,0.6
873,1977,10.0,7.2,TONGA,TONGA TRENCH,-25.856,-175.406,0.03
874,1978,1.0,6.6,JAPAN,TOKAIDO,34.809,139.259,0.35
875,1978,3.0,6.7,RUSSIA,S. KURIL ISLANDS,44.026,149.002,0.07
876,1978,3.0,6.6,RUSSIA,S. KURIL ISLANDS,44.14,149.029,0.05
877,1978,3.0,6.8,RUSSIA,S. KURIL ISLANDS,44.209,148.971,0.17
878,1978,3.0,7.5,RUSSIA,S. KURIL ISLANDS,44.932,148.439,0.3
879,1978,3.0,7.6,RUSSIA,S. KURIL ISLANDS,44.244,148.862,0.65
880,1978,4.0,,NORWAY,NORWAY: RISSA,63.56,9.94,6.8
881,1978,6.0,7.7,JAPAN,SANRIKU,38.19,142.03,0.6
882,1978,6.0,,INDIA,INDIA,,,
883,1978,6.0,6.9,PHILIPPINES,"MINDANAO ISLAND, PHILIPPINES",8.249,122.403,0.03
884,1978,6.0,6.4,GREECE,"THESSALONIKI (SALONICA), GREECE",40.739,23.229,0.45
885,1978,6.0,,ITALY,"EASTERN ITALY, ADRIATIC SEA",,,3.0
886,1978,7.0,7.4,TAIWAN,TAIWAN,22.282,121.512,0.05
887,1978,8.0,4.4,SPAIN,CADIZ,36.37,-6.98,0.12
888,1978,10.0,,NEW ZEALAND,OFF EAST COAST OF SOUTH ISLAND,-43.08,172.97,
889,1978,11.0,7.8,MEXICO,MEXICO,16.01,-96.591,1.5
890,1978,,,VIETNAM,TRA CO COAST,21.4,108.0,3.0
891,1979,2.0,6.4,JAPAN,"IWATE, JAPAN",40.232,143.703,0.12
892,1979,2.0,7.5,USA,"SE. ALASKA, AK",60.691,-141.671,0.15
893,1979,3.0,7.6,MEXICO,S. MEXICO,17.813,-101.276,1.3
894,1979,3.0,,JAPAN,"NAGASAKI, JAPAN",,,4.8
895,1979,4.0,5.3,MONTENEGRO,MONTENEGRO: BAR ULCINJ,41.956,19.023,
896,1979,4.0,6.9,MONTENEGRO,MONTENEGRO,42.096,19.209,3.0
897,1979,5.0,5.6,GREECE,CRETE,34.53,24.437,
898,1979,7.0,,INDONESIA,LOMBLEN ISLAND [LEMBATA],-8.6,123.5,9.0
899,1979,8.0,,INDONESIA,LOMBLEN ISLAND [LEMBATA],-8.5,123.5,
900,1979,9.0,5.0,VENEZUELA,PUERTO CUMAREBO,11.517,-69.5,
901,1979,9.0,7.9,INDONESIA,IRIAN JAYA,-1.679,136.04,2.0
902,1979,10.0,,NORWAY,NORTHERN NORWAY,65.117,12.333,2.0
903,1979,10.0,,FRANCE,FRENCH RIVIERA (LIGURIAN SEA),43.7,7.25,10.0
904,1979,11.0,6.9,FIJI,FIJI ISLANDS,-16.76,179.984,
905,1979,12.0,8.1,COLOMBIA,"COLOMBIA: OFF SHORE, PACIFIC OCEAN",1.555,-79.276,6.0
906,1980,1.0,6.9,PORTUGAL,AZORES,38.727,-27.75,0.41
907,1980,2.0,7.0,RUSSIA,S. KURIL ISLANDS,43.53,146.753,0.16
908,1980,5.0,,USA,WASHINGTON,46.2,-122.18,250.0
909,1980,5.0,,PORTUGAL,AZORES,39.374,-31.229,
910,1980,6.0,6.2,JAPAN,HONSHU ISLAND,34.808,139.181,0.56
911,1980,7.0,7.9,SOLOMON ISLANDS,SOLOMON ISLANDS,-12.525,165.916,0.14
912,1980,10.0,7.1,ALGERIA,EL ASNAM,36.199,1.374,0.7
913,1981,1.0,6.9,JAPAN,E. HONSHU ISLAND,38.64,142.75,0.37
914,1981,2.0,6.7,GREECE,ATHENS-EASTERN GULF OF CORINTH,38.222,22.934,1.0
915,1981,3.0,6.4,GREECE,GULF OF CORINTH,38.209,23.288,1.0
916,1981,5.0,,SOUTH AFRICA,AGULHAS BANK,-35.616,20.267,0.29
917,1981,5.0,7.6,NEW ZEALAND,NEW ZEALAND,-48.786,164.357,0.3
918,1981,9.0,7.7,SAMOA,SAMOA ISLANDS,-14.96,-173.085,1.0
919,1981,10.0,,INDONESIA,KRAKATAU,-6.102,105.423,2.0
920,1981,10.0,7.3,MEXICO,MEXICO,18.084,-102.084,0.09
921,1982,1.0,7.1,PHILIPPINES,PHILIPPINES,13.752,124.358,0.1
922,1982,2.0,5.4,INDONESIA,JAVA TRENCH,4.374,97.755,
923,1982,3.0,6.6,INDONESIA,SUMBAWA ISLAND,-9.265,118.479,0.1
924,1982,3.0,6.9,JAPAN,HOKKAIDO ISLAND,42.158,142.361,1.3
925,1982,7.0,7.2,JAPAN,"IBARAKI, JAPAN",36.194,141.702,0.4
926,1982,12.0,7.5,TONGA,KERMADEC ISLANDS,-24.133,-175.864,0.2
927,1982,12.0,6.0,INDONESIA,FLORES SEA,-8.405,123.08,
928,1982,12.0,6.4,JAPAN,S. OF HONSHU ISLAND,33.826,139.434,0.19
929,1983,1.0,7.2,GREECE,IONIAN SEA,38.026,20.228,
930,1983,3.0,6.9,INDONESIA,BANDA SEA,-4.056,127.924,3.0
931,1983,3.0,7.9,PAPUA NEW GUINEA,NEW BRITAIN,-4.883,153.581,0.13
932,1983,4.0,7.5,COSTA RICA,COSTA RICA,8.677,-83.098,0.13
933,1983,5.0,7.8,JAPAN,"NOSHIRO, JAPAN",40.462,139.102,14.93
934,1983,6.0,5.9,JAPAN,"NOSHIRO, JAPAN",40.249,138.948,0.6
935,1983,6.0,6.9,JAPAN,N. HONSHU ISLAND,41.346,139.099,1.0
936,1983,8.0,7.0,GREECE,NORTH AEGEAN SEA,40.142,24.766,
937,1983,8.0,7.1,RUSSIA,"KAMCHATKA BAY, RUSSIA",55.867,161.287,0.1
938,1983,8.0,6.6,PHILIPPINES,LUZON ISLAND,18.231,120.86,0.1
939,1983,8.0,,INDONESIA,LESSER SUNDA ISLANDS,-8.54,123.59,
940,1983,8.0,,NORWAY,WESTERN NORWAY,61.233,7.717,7.0
941,1983,10.0,7.7,CHILE,NORTHERN CHILE,-26.535,-70.563,0.2
942,1983,11.0,7.7,UK TERRITORY,CHAGOS ARCHIPELAGO REGION,-6.852,72.11,1.5
943,1984,1.0,6.8,INDONESIA,SULAWESI,-2.823,118.806,
944,1984,2.0,5.6,GREECE,"CORINTHOS GULF, GREECE",38.308,22.11,
945,1984,3.0,7.2,RUSSIA,S. KURIL ISLANDS,44.117,148.192,0.2
946,1984,6.0,5.5,JAPAN,"TORI SHIMA, OKINAWA",31.448,140.036,0.5
947,1984,8.0,7.0,JAPAN,"KYUSHU, JAPAN",32.386,131.945,0.2
948,1984,8.0,,CAMEROON,LAKE MONOUN,6.25,10.5,5.0
949,1984,9.0,6.9,JAPAN,HONSHU ISLAND,34.006,141.5,0.13
950,1984,12.0,6.8,RUSSIA,KAMCHATKA,56.194,163.46,0.2
951,1985,3.0,8.0,CHILE,CENTRAL CHILE,-33.132,-71.708,3.5
952,1985,3.0,6.4,GUADELOUPE (FRENCH TERRITORY),GUADELOUPE,17.013,-62.448,0.12
953,1985,4.0,6.2,INDONESIA,BALI ISLAND,-9.245,114.185,2.0
954,1985,7.0,7.3,PAPUA NEW GUINEA,NEW IRELAND,-4.439,152.828,1.3
955,1985,9.0,8.0,MEXICO,MEXICO,18.19,-102.533,3.0
956,1985,9.0,7.6,MEXICO,MEXICO,17.802,-101.647,1.2
957,1986,5.0,8.0,USA,"ANDREANOF ISLANDS, AK",51.52,-174.776,0.9
958,1986,5.0,6.4,USA,"ANDREANOF ISLANDS, AK",52.327,-174.504,
959,1986,8.0,,CAMEROON,LAKE NYOS,6.25,10.5,75.0
960,1986,10.0,7.8,NEW ZEALAND,KERMADEC ISLANDS,-28.117,-176.367,0.22
961,1986,11.0,7.8,TAIWAN,TAIWAN,23.901,121.574,0.3
962,1987,2.0,6.7,JAPAN,E. HONSHU ISLAND,36.988,141.689,0.1
963,1987,2.0,7.4,PAPUA NEW GUINEA,SOLOMON SEA,-6.088,147.689,1.5
964,1987,2.0,,NORWAY,WESTERN NORWAY,62.2,6.65,3.0
965,1987,3.0,7.6,CHILE,NORTHERN CHILE,-24.388,-70.161,0.2
966,1987,3.0,6.7,JAPAN,KYUSHU ISLAND,32.034,131.837,0.04
967,1987,3.0,5.1,JAPAN,HONSHU ISLAND,37.447,137.865,0.16
968,1987,5.0,,NEW ZEALAND,DEEP COVE,-45.46,167.15,
969,1987,6.0,6.3,SOLOMON ISLANDS,SOLOMON ISLANDS,-10.717,162.33,
970,1987,7.0,6.7,VANUATU,VANUATU ISLANDS,-14.074,167.828,0.1
971,1987,10.0,7.3,TONGA,TONGA ISLANDS,-17.94,-172.225,0.25
972,1987,10.0,7.0,PAPUA NEW GUINEA,SOLOMON SEA,-7.288,154.371,0.04
973,1987,10.0,7.4,PAPUA NEW GUINEA,SOLOMON SEA,-6.266,149.06,0.07
974,1987,11.0,7.2,USA,"GULF OF ALASKA, AK",58.586,-143.27,0.06
975,1987,11.0,6.6,INDONESIA,TIMOR SEA,-8.247,124.155,0.1
976,1987,11.0,7.9,USA,"GULF OF ALASKA, AK",58.679,-142.786,0.43
977,1988,2.0,7.2,CHILE,NORTHERN CHILE,-24.753,-70.433,0.1
978,1988,3.0,7.8,USA,"GULF OF ALASKA, AK",57.262,-142.747,0.19
979,1988,4.0,,ITALY,"LA FOSSA VOLCANO, VULCANO IS.",38.4,14.967,2.0
980,1988,4.0,,USA,S. CALIFORNIA,,,
981,1988,6.0,5.4,PHILIPPINES,NORTH OF LUZON ISLAND,18.606,121.013,1.03
982,1988,7.0,6.8,PAPUA NEW GUINEA,PAPUA NEW GUINEA,-5.964,148.78,
983,1988,8.0,7.2,BANGLADESH,"JAMUNA RIVER, ARICHA, BANGLADESH",25.149,95.127,
984,1988,8.0,7.6,SOLOMON ISLANDS,SOLOMON ISLANDS,-10.258,160.896,0.09
985,1988,8.0,6.6,BANGLADESH,BANGLADESH,26.755,86.616,
986,1989,5.0,8.1,AUSTRALIA,MACQUARIE ISLAND,-52.341,160.568,0.15
987,1989,6.0,6.5,USA,HAWAII,19.362,-155.083,0.29
988,1989,9.0,7.1,USA,"SEMIDI ISLANDS, AK",55.543,-156.835,0.1
989,1989,10.0,6.9,USA,N. CALIFORNIA,37.036,-121.883,1.0
990,1989,10.0,6.5,JAPAN,N. HONSHU ISLAND,39.571,143.333,0.11
991,1989,10.0,5.9,ALGERIA,"ALGIERS, CHERCHELL, TIPAZA",36.788,2.448,
992,1989,11.0,4.4,USA TERRITORY,PUERTO RICO,18.986,-68.833,0.1
993,1989,11.0,7.4,JAPAN,JAPAN,39.837,142.76,0.9
994,1990,2.0,6.6,PHILIPPINES,PHILIPPINES,9.755,124.694,2.1
995,1990,2.0,6.4,JAPAN,JAPAN,34.706,139.252,0.16
996,1990,3.0,7.3,COSTA RICA,COSTA RICA,9.907,-84.753,1.0
997,1990,4.0,7.5,USA TERRITORY,"MARIANA TRENCH, N. MARIANA ISLANDS",15.125,147.596,1.8
998,1990,5.0,,PHILIPPINES,"CANIGUIN IS.,PHILIPPINES",7.0,126.0,5.0
999,1990,6.0,7.3,IRAN,CASPIAN SEA,36.957,49.409,2.0
1000,1990,9.0,6.5,JAPAN,"W. OF BONIN ISLANDS, IZU IS., JAPAN",33.267,138.643,0.2
1001,1990,12.0,5.3,ITALY,EASTERN SICILY,37.3,15.438,0.1
1002,1990,12.0,6.3,TAIWAN,TAIWAN,23.722,121.627,0.04
1003,1991,1.0,,GREECE,EAST AEGEAN SEA,37.7,26.3,
1004,1991,2.0,6.9,SOLOMON ISLANDS,SOLOMON ISLANDS,-9.929,159.139,0.02
1005,1991,2.0,5.7,RUSSIA,N. KURIL ISLANDS,48.268,154.328,0.1
1006,1991,2.0,6.7,USA,"BERING SEA, AK",58.427,-175.45,0.15
1007,1991,4.0,7.6,COSTA RICA,"LIMON, PANDORA",9.685,-83.073,3.0
1008,1991,5.0,,GREECE,EAST AEGEAN SEA,37.133,26.833,0.5
1009,1991,10.0,7.2,SOLOMON ISLANDS,SOLOMON ISLANDS,-9.094,158.442,0.15
1010,1991,11.0,,CHINA,AOSHAN,29.95,122.14,3.0
1011,1991,12.0,7.6,RUSSIA,S. KURIL ISLANDS,45.533,151.021,0.52
1012,1992,1.0,3.7,CHINA,SOUTH CHINA SEA,18.0,108.0,0.8
1013,1992,4.0,7.2,USA,"CAPE MENDOCINO, N. CALIFORNIA",40.368,-124.316,1.8
1014,1992,5.0,7.3,PHILIPPINES,PHILIPPINES,7.191,126.762,6.0
1015,1992,5.0,7.1,SOLOMON ISLANDS,SANTA CRUZ ISLANDS,-11.122,165.239,
1016,1992,7.0,,USA,"DAYTONA BEACH, FL",,,3.0
1017,1992,7.0,7.0,JAPAN,HONSHU ISLAND,39.419,143.33,0.3
1018,1992,8.0,6.3,JAPAN,HONSHU,32.536,141.641,
1019,1992,9.0,7.6,NICARAGUA,NICARAGUA,11.5,-87.609,9.9
1020,1992,12.0,7.8,INDONESIA,FLORES SEA,-8.48,121.896,26.2
1021,1993,2.0,6.3,JAPAN,HONSHU ISLAND,37.634,137.245,0.5
1022,1993,3.0,6.4,WALLIS AND FUTUNA (FRENCH TERRITORY),FUTUNA,-14.385,-178.252,
1023,1993,6.0,7.5,RUSSIA,KAMCHATKA,51.218,157.829,0.1
1024,1993,6.0,6.6,NEW ZEALAND,KERMADEC ISLANDS,-28.886,-176.819,
1025,1993,7.0,7.7,JAPAN,SEA OF JAPAN,42.851,139.197,32.0
1026,1993,8.0,6.3,JAPAN,JAPAN,41.985,139.839,0.16
1027,1993,8.0,7.8,USA TERRITORY,"GUAM, MARIANA ISLANDS",12.982,144.801,2.4
1028,1993,11.0,7.0,RUSSIA,KAMCHATKA,51.934,158.647,0.05
1029,1994,1.0,,USA,"COREA HARBOR, MAINE",44.4,-67.97,1.5
1030,1994,1.0,6.7,USA,"WEST COAST, USA",34.213,-118.537,0.1
1031,1994,1.0,7.0,INDONESIA,HALMAHERA,1.015,127.733,2.0
1032,1994,2.0,6.9,INDONESIA,SOUTHERN SUMATRA,-4.967,104.302,
1033,1994,4.0,6.4,JAPAN,HOKKAIDO ISLAND,40.608,143.683,0.11
1034,1994,4.0,,NORWAY,WESTERN NORWAY,61.267,6.583,4.0
1035,1994,5.0,6.5,TAIWAN,TAIWAN,23.959,122.448,0.02
1036,1994,6.0,7.8,INDONESIA,SOUTH OF JAVA,-10.477,112.835,13.9
1037,1994,6.0,6.6,INDONESIA,SOUTH OF JAVA,-10.362,112.892,3.7
1038,1994,6.0,6.5,INDONESIA,SOUTH OF JAVA,-10.777,113.366,
1039,1994,6.0,6.1,INDONESIA,SOUTH OF JAVA,-10.341,113.369,3.0
1040,1994,9.0,7.0,USA,N. CALIFORNIA,40.402,-125.68,0.07
1041,1994,9.0,6.7,TAIWAN,TAIWAN STRAIT,22.528,118.711,0.24
1042,1994,9.0,,PAPUA NEW GUINEA,PAPUA NEW GUINEA,-4.238,152.214,3.0
1043,1994,10.0,8.3,RUSSIA,S. KURIL ISLANDS,43.773,147.321,10.4
1044,1994,10.0,6.8,INDONESIA,HALMAHERA,-1.258,127.98,3.0
1045,1994,10.0,7.3,RUSSIA,S. KURIL ISLANDS,43.905,147.916,0.2
1046,1994,11.0,,USA,"SKAGWAY, AK",59.5,-135.3,9.0
1047,1994,11.0,7.1,PHILIPPINES,PHILIPPINE ISLANDS,13.525,121.067,7.3
1048,1994,12.0,7.8,JAPAN,"TOHUKU, JAPAN",40.525,143.419,0.53
1049,1994,,,RUSSIA,KERCH STRAIT,45.22,36.72,0.5
1050,1995,1.0,6.9,JAPAN,"KOBE, JAPAN",34.59,135.069,0.34
1051,1995,4.0,7.4,SAMOA,SAMOA ISLANDS,-15.199,-173.529,0.09
1052,1995,4.0,7.2,PHILIPPINES,SAMAR ISLAND,12.059,125.58,0.2
1053,1995,4.0,6.8,PHILIPPINES,SAMAR ISLAND,12.047,125.92,0.2
1054,1995,5.0,6.6,GREECE,GREECE,40.149,21.695,
1055,1995,5.0,6.9,INDONESIA,TIMOR SEA,-8.452,125.049,4.0
1056,1995,5.0,7.7,NEW CALEDONIA,LOYALTY ISLANDS,-23.008,169.9,0.5
1057,1995,5.0,7.1,RUSSIA,SAKHALIN ISLAND,52.629,142.827,0.1
1058,1995,6.0,6.5,GREECE,GULF OF CORINTH: AIYION,38.401,22.283,1.0
1059,1995,7.0,8.0,CHILE,NORTHERN CHILE,-23.34,-70.294,3.0
1060,1995,8.0,7.7,PAPUA NEW GUINEA,SOLOMON SEA,-5.799,154.178,0.28
1061,1995,9.0,7.4,MEXICO,S. MEXICO,16.779,-98.597,0.4
1062,1995,10.0,8.0,MEXICO,S. MEXICO,19.055,-104.205,11.0
1063,1995,10.0,7.1,JAPAN,RYUKYU ISLANDS,27.929,130.175,2.59
1064,1995,10.0,6.8,JAPAN,RYUKYU ISLANDS,28.094,130.148,1.5
1065,1995,11.0,6.7,CHILE,NORTHERN CHILE,-28.906,-71.417,0.07
1066,1995,11.0,7.2,EGYPT,GULF OF ELAT-AQABA,28.826,34.799,4.0
1067,1995,12.0,7.9,RUSSIA,S. KURIL ISLANDS,44.663,149.3,1.1
1068,1996,1.0,7.9,INDONESIA,SULAWESI,0.729,119.931,3.43
1069,1996,1.0,,GREECE,W. CORINTH GULF,38.367,22.083,2.0
1070,1996,1.0,,RUSSIA,"KARYMSKOYE, KAMCHATKA, RUSSIA",54.05,159.43,30.0
1071,1996,2.0,8.2,INDONESIA,IRIAN JAYA,-0.891,136.952,7.7
1072,1996,2.0,7.5,PERU,N. PERU,-9.593,-79.587,5.04
1073,1996,2.0,7.1,MEXICO,MEXICO,15.978,-98.07,0.1
1074,1996,4.0,,SWITZERLAND,LAKE BRIENZ,46.73,7.97,0.5
1075,1996,6.0,7.9,USA,"ANDREANOF ISLANDS, AK",51.564,-177.632,0.51
1076,1996,6.0,7.3,USA,"ANDREANOF ISLANDS, AK",51.478,-176.847,0.18
1077,1996,9.0,5.7,JAPAN,HONSHU ISLAND,31.555,139.931,0.3
1078,1996,9.0,6.9,CHILE,EASTER ISLAND REGION,-22.118,-113.436,0.09
1079,1996,9.0,6.8,TAIWAN,TAIWAN REGION,21.898,121.498,0.11
1080,1996,10.0,6.6,JAPAN,KYUSHU ISLAND,30.568,131.093,0.2
1081,1996,10.0,6.7,JAPAN,KYUSHU ISLAND,31.885,131.468,0.55
1082,1996,11.0,7.7,PERU,S. PERU,-14.993,-75.675,0.4
1083,1996,12.0,6.7,JAPAN,SEA OF JAPAN,31.789,131.314,0.2
1084,1997,3.0,,NEW CALEDONIA,NEW CALEDONIA,-21.7,168.0,2.0
1085,1997,4.0,,HONDURAS,GULF OF FONSECA,13.1,-87.6,15.0
1086,1997,4.0,,AUSTRALIA,NORFOLK ISLAND,,,
1087,1997,4.0,7.7,SOLOMON ISLANDS,SANTA CRUZ IS. VANUATU,-12.584,166.676,3.0
1088,1997,7.0,7.0,VENEZUELA,CARIACO-CUMANA,10.598,-63.486,
1089,1997,9.0,6.2,JAPAN,S. OF HONSHU ISLAND,31.959,141.878,0.03
1090,1997,10.0,7.7,TONGA,TONGA ISLANDS,-22.1,-176.77,0.1
1091,1997,12.0,7.8,RUSSIA,KAMCHATKA,54.841,162.035,8.0
1092,1997,12.0,,RUSSIA,KAMCHATKA,54.841,162.035,8.0
1093,1997,12.0,,MONTSERRAT,WHITE RIVER VALLEY,16.72,-62.18,3.0
1094,1998,3.0,,NORWAY,WESTERN NORWAY,61.183,5.267,6.0
1095,1998,3.0,8.1,ANTARCTICA,BALLENY ISLANDS,-62.877,149.527,0.01
1096,1998,5.0,7.5,TAIWAN,TAIWAN:  SOUTHEAST OF,22.306,125.308,0.13
1097,1998,5.0,6.2,JAPAN,SANRIKU,39.027,143.441,0.01
1098,1998,7.0,7.0,PAPUA NEW GUINEA,PAPUA NEW GUINEA,-2.943,142.582,15.03
1099,1998,11.0,7.7,INDONESIA,TALIABU ISLAND,-2.071,124.891,2.75
1100,1999,1.0,,MONTSERRAT,SOUFRIERE HILLS VOLCANO,16.722,-62.18,2.0
1101,1999,8.0,7.6,TURKEY,"KOCAELI, TURKEY",40.76,29.97,2.52
1102,1999,9.0,,FRENCH POLYNESIA,FATU HIVA,-10.52,-138.67,8.0
1103,1999,11.0,7.5,VANUATU,VANUATU ISLANDS,-16.423,168.214,6.6
1104,2000,1.0,,PHILIPPINES,"TAWI-TAWI, PHILIPPINES",5.1,120.15,20.0
1105,2000,4.0,5.5,GREECE,CRETE,34.22,25.69,0.5
1106,2000,5.0,7.6,INDONESIA,SULAWESI,-1.105,123.573,6.0
1107,2000,6.0,7.9,AUSTRALIA,SOUTH INDIAN OCEAN,-13.802,97.453,0.3
1108,2000,7.0,6.1,JAPAN,"KOZU-SHIMA ISLAND, HONSHU",34.221,139.131,0.07
1109,2000,7.0,,RUSSIA,KERCH STRAIT,45.12,36.7,0.5
1110,2000,7.0,6.1,JAPAN,HONSHU: S COAST,34.319,139.26,0.07
1111,2000,7.0,6.5,JAPAN,HONSHU: S COAST,33.901,139.376,0.14
1112,2000,11.0,,USA,"POINT ARGUELLO, S. CALIFORNIA",34.5,-120.65,4.6
1113,2000,11.0,8.0,PAPUA NEW GUINEA,BISMARCK SEA,-4.001,152.327,3.0
1114,2000,11.0,,GREENLAND,"PAATUUT, GREENLAND",70.25,-52.75,50.0
1115,2001,1.0,7.7,EL SALVADOR,EL SALVADOR,13.049,-88.66,0.25
1116,2001,6.0,8.4,PERU,S. PERU,-16.265,-73.641,8.8
1117,2001,10.0,6.1,CANADA,QUEEN CHARLOTTE ISLANDS,52.63,-132.2,0.11
1118,2001,12.0,6.8,TAIWAN,TAIWAN,23.954,122.734,0.16
1119,2002,1.0,7.2,VANUATU,VANUATU ISLANDS,-17.6,167.856,3.0
1120,2002,3.0,7.5,PHILIPPINES,"MINDANAO ISLAND, PHILIPPINES",6.033,124.249,3.0
1121,2002,3.0,,GREECE,DODECANESE ISLANDS,36.45,28.2,4.0
1122,2002,3.0,6.4,JAPAN,JAPAN,23.346,124.09,0.05
1123,2002,3.0,7.1,TAIWAN,TAIWAN,24.279,122.179,0.2
1124,2002,9.0,7.6,PAPUA NEW GUINEA,BISMARCK SEA,-3.26,142.94,5.5
1125,2002,9.0,6.5,INDIA,"ANDAMAN ISLANDS, INDIA",13.036,93.068,
1126,2002,10.0,7.6,INDONESIA,IRIAN JAYA,-1.757,134.297,5.0
1127,2002,11.0,,NEW ZEALAND,ALBERT TOWN,-44.7,169.2,
1128,2002,12.0,,ITALY,STROMBOLI ISLAND,38.789,15.213,10.9
1129,2003,1.0,7.3,SOLOMON ISLANDS,SOLOMON ISLANDS,-10.491,160.77,2.0
1130,2003,1.0,7.5,MEXICO,S. MEXICO,18.77,-104.104,0.61
1131,2003,5.0,6.8,ALGERIA,N. ALGERIA,36.964,3.634,3.0
1132,2003,5.0,5.7,ALGERIA,ALGIERS,36.939,3.578,0.08
1133,2003,7.0,,USA,"WARREN DUNES, MICHIGAN",,,
1134,2003,7.0,,MONTSERRAT,SOUFRIERE HILLS VOLCANO,16.722,-62.18,4.0
1135,2003,8.0,7.6,ANTARCTICA,SCOTIA SEA,-60.532,-43.411,
1136,2003,8.0,6.3,GREECE,IONIAN SEA,39.16,20.605,0.5
1137,2003,8.0,7.2,NEW ZEALAND,SOUTH ISLAND,-45.104,167.144,4.0
1138,2003,9.0,8.3,JAPAN,HOKKAIDO ISLAND,41.815,143.91,4.4
1139,2003,10.0,7.0,JAPAN,E. HONSHU ISLAND,37.812,142.619,0.32
1140,2003,11.0,7.8,USA,"RAT ISLANDS, ALEUTIAN ISLANDS, AK",51.146,178.65,0.33
1141,2003,12.0,7.3,NEW CALEDONIA,LOYALTY ISLANDS,-22.015,169.766,0.15
1142,2004,1.0,6.7,INDONESIA,SERAM ISLAND,-3.12,127.4,
1143,2004,2.0,5.3,JORDAN,DEAD SEA,31.675,35.551,1.0
1144,2004,8.0,,FRANCE,MARSEILLES,43.3,5.37,
1145,2004,9.0,7.2,JAPAN,SOUTH COAST HONSHU ISLAND,33.07,136.618,0.63
1146,2004,9.0,7.4,JAPAN,SOUTH COAST HONSHU ISLAND,33.184,137.071,0.93
1147,2004,11.0,6.6,CANADA,VANCOUVER ISLAND,49.277,-128.772,0.06
1148,2004,11.0,7.5,INDONESIA,KEPULAUAN ALOR,-8.152,124.868,2.0
1149,2004,11.0,6.3,GUADELOUPE (FRENCH TERRITORY),"BASSE-TERRE, LES SAINTES",15.679,-61.706,2.0
1150,2004,11.0,7.1,NEW ZEALAND,PUYSEGUR TRENCH,-46.676,164.721,
1151,2004,11.0,7.0,JAPAN,HOKKAIDO ISLAND,43.006,145.119,0.12
1152,2004,12.0,8.1,AUSTRALIA,MACQUARIE ISLAND,-49.312,161.345,0.3
1153,2004,12.0,9.1,INDONESIA,OFF W. COAST OF SUMATRA,3.316,95.854,50.9
1154,2005,1.0,6.6,JAPAN,E. HONSHU ISLAND,34.064,141.491,0.39
1155,2005,2.0,5.8,GUADELOUPE (FRENCH TERRITORY),DOMINICA PASSAGE,15.775,-61.744,
1156,2005,3.0,8.6,INDONESIA,INDONESIA,2.085,97.108,4.2
1157,2005,4.0,6.7,INDONESIA,KEPULAUAN MENTAWAI,-1.644,99.607,0.4
1158,2005,6.0,7.2,USA,N. CALIFORNIA,41.301,-125.97,0.1
1159,2005,8.0,7.2,JAPAN,E. COAST HONSHU ISLAND,38.276,142.039,0.05
1160,2005,11.0,7.0,JAPAN,E. COAST HONSHU ISLAND,38.107,144.896,0.42
1161,2005,12.0,,CANADA,BRITISH COLUMBIA,,,0.08
1162,2006,1.0,5.6,JAPAN,S. OF HONSHU ISLAND,31.394,140.131,
1163,2006,3.0,6.7,INDONESIA,SERAM ISLAND,-3.595,127.214,3.5
1164,2006,5.0,8.0,TONGA,TONGA,-20.187,-174.123,0.27
1165,2006,5.0,,MONTSERRAT,SOUFRIERE HILLS VOLCANO,16.722,-62.18,1.0
1166,2006,6.0,,SPAIN,"CIUTADELLA, MENORCA ISLAND",40.0,3.83,6.0
1167,2006,7.0,7.7,INDONESIA,SOUTH OF JAVA,-9.254,107.411,20.9
1168,2006,8.0,,SOUTH KOREA,YELLOW SEA,,,
1169,2006,9.0,6.9,SAMOA,SAMOA ISLANDS,-16.592,-172.033,0.08
1170,2006,10.0,6.7,USA,HAWAII,19.878,-155.935,0.1
1171,2006,11.0,5.2,TAIWAN,SOUTH CHINA SEA,20.656,119.997,0.15
1172,2006,11.0,8.3,RUSSIA,S. KURIL ISLANDS,46.592,153.266,21.9
1173,2006,12.0,7.0,TAIWAN,TAIWAN,21.799,120.547,0.12
1174,2007,1.0,8.1,RUSSIA,S. KURIL ISLANDS,46.243,154.524,0.4
1175,2007,3.0,7.1,VANUATU,VANUATU ISLANDS,-20.617,169.357,0.08
1176,2007,3.0,6.7,JAPAN,HONSHU: W COAST,37.336,136.588,0.1
1177,2007,3.0,,SOUTH KOREA,YELLOW SEA,,,1.65
1178,2007,4.0,8.1,SOLOMON ISLANDS,SOLOMON ISLANDS,-8.46,157.044,12.1
1179,2007,4.0,6.2,CHILE,SOUTHERN CHILE,-45.285,-72.606,50.0
1180,2007,5.0,,BULGARIA,BLACK SEA,43.0,29.0,3.0
1181,2007,5.0,,PAPUA NEW GUINEA,"RITTER ISLAND, PAPUA NEW GUINEA",-5.52,148.121,10.0
1182,2007,6.0,,CHINA,"DAYANTANG, ENSHI",30.394,110.16,50.0
1183,2007,7.0,6.6,JAPAN,HONSHU: W COAST,37.57,138.478,
1184,2007,8.0,6.2,RUSSIA,TATAR STRAIT,47.116,141.798,3.2
1185,2007,8.0,6.7,USA,"ALEUTIAN ISLANDS, AK",51.307,-179.971,0.03
1186,2007,8.0,8.0,PERU,S. PERU,-13.386,-76.603,10.05
1187,2007,9.0,7.2,SOLOMON ISLANDS,SANTA CRUZ ISLANDS,-11.61,165.762,0.05
1188,2007,9.0,8.4,INDONESIA,SUMATRA,-4.438,101.367,5.0
1189,2007,9.0,7.4,NEW ZEALAND,AUCKLAND ISLANDS,-49.418,163.954,0.35
1190,2007,11.0,7.7,CHILE,NORTHERN CHILE,-22.247,-69.89,0.28
1191,2007,11.0,7.4,MARTINIQUE (FRENCH TERRITORY),MARTINIQUE,14.944,-61.274,
1192,2007,12.0,,CANADA,"CHEHALIS LAKE, CHILLIWACK",49.475,-121.847,38.0
1193,2007,12.0,7.8,KERMADEC ISLANDS,KERMADEC ISLANDS,-25.996,-177.514,0.03
1194,2008,2.0,6.5,INDONESIA,SUMATRA,-2.486,99.972,0.12
1195,2008,4.0,7.3,NEW CALEDONIA,LOYALTY ISLANDS,-20.071,168.892,0.16
1196,2008,4.0,6.4,VANUATU,VANUATU ISLANDS,-19.941,168.953,0.03
1197,2008,5.0,,SOUTH KOREA,YELLOW SEA,,,1.3
1198,2008,5.0,7.9,CHINA,SICHUAN PROVINCE,30.98,103.396,
1199,2008,7.0,6.9,JAPAN,OFF EAST COAST OF HONSHU ISLAND,37.552,142.214,0.2
1200,2008,8.0,,USA,"KASATOCHI VOLCANO, ALEUTIAN IS, AK",52.18,-175.5,0.19
1201,2008,8.0,,SOUTH AFRICA,SOUTHERN ATLANTIC OCEAN,-28.5,13.2,2.55
1202,2008,9.0,6.8,JAPAN,HOKKAIDO ISLAND,41.892,143.754,0.09
1203,2008,10.0,,USA,MAINE,43.8,-69.7,3.6
1204,2008,11.0,7.3,INDONESIA,SULAWESI,1.271,122.091,0.13
1205,2008,11.0,,CHINA,"WU GORGE, WUSHAN COUNTY",31.065,109.92,13.1
1206,2009,1.0,7.6,INDONESIA,NEAR NORTH COAST,-0.414,132.885,0.39
1207,2009,1.0,7.3,INDONESIA,NEAR NORTH COAST,-0.691,133.305,
1208,2009,1.0,7.4,RUSSIA,KAMCHATKA,46.857,155.154,0.11
1209,2009,1.0,,USA,"COLUMBIA RIVER VALLEY, WA",,,9.0
1210,2009,2.0,7.2,INDONESIA,CELEBES SEA,3.884,126.397,0.13
1211,2009,2.0,,EAST CHINA SEA,E. CHINA SEA-S.JAPAN,,,1.45
1212,2009,3.0,7.6,TONGA,TONGA,-23.046,-174.659,0.15
1213,2009,5.0,7.3,HONDURAS,OFF COAST OF HONDURAS,16.72,-86.236,4.0
1214,2009,7.0,6.4,GREECE,CRETE,34.164,25.471,0.3
1215,2009,7.0,7.8,NEW ZEALAND,OFF WEST COAST OF SOUTH ISLAND,-45.762,166.562,0.47
1216,2009,8.0,7.5,INDIA,ANDAMAN ISLANDS,14.099,92.888,0.01
1217,2009,8.0,6.4,JAPAN,HONSHU: S COAST,34.743,138.264,0.6
1218,2009,8.0,6.7,INDONESIA,SUMATRA,-1.479,99.49,0.18
1219,2009,8.0,,USA,"COLUMBIA RIVER VALLEY, WA",,,
1220,2009,9.0,7.0,INDONESIA,JAVA SEA,-7.782,107.297,0.4
1221,2009,9.0,8.1,SAMOA,SAMOA ISLANDS,-15.489,-172.095,22.35
1222,2009,9.0,7.5,INDONESIA,SUMATRA,-0.72,99.867,0.27
1223,2009,10.0,7.6,VANUATU,VANUATU ISLANDS,-13.006,166.51,0.29
1224,2010,1.0,,SOUTH KOREA,CHEJU (JEJU) STRAIT,,,
1225,2010,1.0,6.6,SOLOMON ISLANDS,SOLOMON ISLANDS,-8.743,157.477,0.01
1226,2010,1.0,7.1,SOLOMON ISLANDS,SOLOMON ISLANDS,-8.799,157.346,7.52
1227,2010,1.0,6.8,SOLOMON ISLANDS,SOLOMON ISLANDS,-9.019,157.551,0.03
1228,2010,1.0,7.0,HAITI,HAITI & DOMINICAN REPUBLIC,18.457,-72.533,3.21
1229,2010,2.0,7.0,JAPAN,RYUKYU ISLANDS,25.93,128.425,0.1
1230,2010,2.0,8.8,CHILE,CENTRAL CHILE,-36.122,-72.898,29.0
1231,2010,3.0,6.9,CHILE,CENTRAL CHILE,-34.29,-71.891,0.14
1232,2010,4.0,7.8,INDONESIA,SUMATRA,2.383,97.048,0.44
1233,2010,4.0,,PERU,"513 LAKE, HUALCAN GLACIER",-9.282,-77.645,23.0
1234,2010,4.0,,COOK ISLANDS,"MANGAIA ISLAND, COOK ISLANDS",-21.955,-157.92,
1235,2010,5.0,,USA TERRITORY,"SOUTH OF SARIGAN IS, N. MARIANA IS",16.708,145.97,0.04
1236,2010,6.0,7.5,INDIA,LITTLE NICOBAR ISLAND,7.881,91.936,0.03
1237,2010,8.0,7.2,VANUATU,VANUATU ISLANDS,-17.541,168.069,0.23
1238,2010,8.0,6.9,USA TERRITORY,"GUAM, MARIANA ISLANDS",12.484,141.476,0.07
1239,2010,10.0,7.8,INDONESIA,SUMATRA,-3.487,100.082,16.9
1240,2010,12.0,7.4,JAPAN,BONIN ISLANDS,26.901,143.698,0.13
1241,2010,12.0,7.3,VANUATU,VANUATU ISLANDS,-19.702,167.947,4.1
1242,2011,1.0,6.5,VANUATU,VANUATU ISLANDS,-19.157,168.311,0.03
1243,2011,2.0,6.8,CHILE,CENTRAL CHILE,-36.474,-73.125,0.15
1244,2011,2.0,,NORWAY,SVALBARD,78.37,16.62,0.3
1245,2011,2.0,6.1,NEW ZEALAND,SOUTH ISLAND,-43.583,172.68,3.5
1246,2011,3.0,7.5,JAPAN,HONSHU ISLAND,38.435,142.842,0.6
1247,2011,3.0,9.1,JAPAN,HONSHU ISLAND,38.297,142.372,39.26
1248,2011,4.0,7.1,JAPAN,E. COAST HONSHU ISLAND,38.276,141.588,0.08
1249,2011,5.0,6.8,NEW CALEDONIA,LOYALTY ISLANDS,-20.244,168.226,0.03
1250,2011,6.0,7.3,USA,"ATKA, ALEUTIAN ISLANDS, AK",52.05,-171.836,0.1
1251,2011,6.0,,UK,"PLYMOUTH, ENGLAND",50.5,-3.0,0.4
1252,2011,7.0,7.6,NEW ZEALAND,KERMADEC ISLANDS,-29.539,-176.34,1.2
1253,2011,7.0,7.0,JAPAN,OFF EAST COAST OF HONSHU ISLAND,38.034,143.264,0.09
1254,2011,7.0,,NORWAY,"LYSEFJOREN, WESTERN NORWAY",59.05,6.64,1.5
1255,2011,8.0,,NORWAY,"LYSEFJOREN, WESTERN NORWAY",59.05,6.64,
1256,2011,8.0,7.1,VANUATU,VANUATU ISLANDS,-18.365,168.143,0.19
1257,2011,8.0,7.0,VANUATU,VANUATU ISLANDS,-18.311,168.218,0.15
1258,2011,9.0,6.8,USA,"FOX ISLANDS, ALEUTIAN ISLANDS, AK",52.171,-171.708,0.06
1259,2011,10.0,7.4,NEW ZEALAND,KERMADEC ISLANDS,-28.993,-176.238,0.14
1260,2012,2.0,7.0,VANUATU,VANUATU ISLANDS,-17.827,167.133,0.08
1261,2012,3.0,6.7,VANUATU,OFF EAST COAST OF VANUATU,-19.125,169.613,0.05
1262,2012,3.0,6.9,JAPAN,HOKKAIDO ISLAND,40.887,144.944,0.2
1263,2012,3.0,7.4,MEXICO,S. MEXICO,16.493,-98.231,0.2
1264,2012,4.0,8.6,INDONESIA,OFF W. COAST OF N SUMATRA,2.327,93.063,1.08
1265,2012,4.0,8.2,INDONESIA,OFF W. COAST OF N SUMATRA,0.802,92.463,
1266,2012,4.0,6.3,VANUATU,VANUATU ISLANDS,-18.972,168.741,
1267,2012,7.0,,GREENLAND,"ILULISSAT ICEFJORD, GREENLAND",69.2,-51.3,
1268,2012,8.0,7.3,EL SALVADOR,EL SALVADOR-NICARAGUA,12.139,-88.59,6.3
1269,2012,8.0,7.6,PHILIPPINES,PHILIPPINE ISLANDS,10.811,126.638,0.15
1270,2012,9.0,7.6,COSTA RICA,COSTA RICA,10.085,-85.315,0.16
1271,2012,10.0,7.7,CANADA,BRITISH COLUMBIA,52.788,-132.101,12.98
1272,2012,11.0,7.3,GUATEMALA,GUATEMALA,13.988,-91.895,0.35
1273,2012,12.0,7.2,JAPAN,OFF EAST COAST OF HONSHU ISLAND,37.89,143.949,1.0
1274,2012,12.0,,CHINA,"ZHAOJUN BRIDGE, HUBEI PROVINCE",31.256,110.733,
1275,2013,1.0,7.5,USA,"SE. ALASKA, AK",55.393,-134.652,1.5
1276,2013,2.0,7.9,SOLOMON ISLANDS,SANTA CRUZ ISLANDS,-10.766,165.114,11.0
1277,2013,2.0,7.0,SOLOMON ISLANDS,SANTA CRUZ ISLANDS,-10.928,166.018,0.09
1278,2013,4.0,7.2,RUSSIA,S. KURIL ISLANDS,46.221,150.788,0.2
1279,2013,4.0,6.0,MEXICO,MEXICO,18.081,-102.182,0.13
1280,2013,6.0,,USA,NORTHWEST ATLANTIC OCEAN,,,1.8
1281,2013,6.0,6.2,GREECE,CRETE,34.4,25.02,0.01
1282,2013,7.0,6.5,NEW ZEALAND,COOK STRAIT,-41.704,174.337,0.07
1283,2013,8.0,6.5,NEW ZEALAND,WELLINGTON,-41.734,174.152,0.08
1284,2013,9.0,7.7,PAKISTAN,OFF COAST GWADAR,25.18,62.26,0.57
1285,2013,10.0,6.6,GREECE,CRETE,35.514,23.252,0.01
1286,2013,10.0,7.1,JAPAN,E. COAST HONSHU ISLAND,37.156,144.661,0.4
1287,2013,11.0,7.7,ANTARCTICA,SCOTIA SEA,-60.274,-46.401,0.15
1288,2014,3.0,6.7,CHILE,NORTHERN CHILE,-19.981,-70.702,0.26
1289,2014,4.0,8.2,CHILE,NORTHERN CHILE,-19.61,-70.769,4.63
1290,2014,4.0,7.7,CHILE,NORTHERN CHILE,-20.571,-70.493,0.74
1291,2014,4.0,7.6,SOLOMON ISLANDS,SOLOMON ISLANDS,-11.27,162.148,0.05
1292,2014,4.0,7.4,SOLOMON ISLANDS,SOLOMON ISLANDS,-11.463,162.051,0.16
1293,2014,4.0,7.2,MEXICO,S. MEXICO,17.397,-100.972,0.43
1294,2014,4.0,7.5,PAPUA NEW GUINEA,SOLOMON SEA,-6.755,155.024,0.11
1295,2014,5.0,6.9,GREECE,NORTH AEGEAN SEA,40.289,25.389,0.16
1296,2014,6.0,6.9,NEW ZEALAND,"S OF RAOUL ISLAND, KERMADEC ISLANDS",-29.977,-177.725,0.13
1297,2014,6.0,7.9,USA,"ALEUTIAN ISLANDS, AK",51.849,178.735,0.17
1298,2014,6.0,,SPAIN,MEDITERRANEAN AND BLACK SEAS,,,2.5
1299,2014,6.0,,UKRAINE,ODESSA,46.32,30.67,2.0
1300,2014,7.0,,GREENLAND,"ILULISSAT ICEFJORD, GREENLAND",69.8,-50.217,10.0
1301,2014,7.0,6.5,JAPAN,SANRIKU,37.005,142.453,0.2
1302,2014,7.0,,ICELAND,ASKJA LAKE,65.02,-16.7,60.0
1303,2014,7.0,6.0,USA,"PALMA BAY, AK",58.335,-136.971,0.08
1304,2014,10.0,7.0,CHILE,EASTER ISLAND REGION,-32.108,-110.811,0.47
1305,2014,10.0,7.3,EL SALVADOR,GULF OF FONSECA,12.526,-88.123,0.02
1306,2014,11.0,7.1,INDONESIA,N. MOLUCCAS ISLANDS,1.893,126.522,0.09
1307,2015,2.0,6.7,JAPAN,HONSHU,39.856,142.881,0.27
1308,2015,2.0,6.4,VANUATU,VANUATU ISLANDS,-16.431,168.148,8.0
1309,2015,3.0,7.5,PAPUA NEW GUINEA,BISMARCK SEA,-4.729,152.562,0.5
1310,2015,5.0,5.7,JAPAN,S. OF HONSHU ISLAND,31.529,140.213,0.6
1311,2015,5.0,7.5,PAPUA NEW GUINEA,NEW BRITAIN,-5.462,151.875,1.0
1312,2015,5.0,,NORWAY,NORTHERN NORWAY,69.8,20.92,
1313,2015,6.0,,CHINA,"WUSHAN, CHONGQING",31.077,109.896,6.2
1314,2015,7.0,,SCOTLAND,NORTH SEA,,,0.18
1315,2015,7.0,6.7,SOLOMON ISLANDS,SOLOMON ISLANDS,-9.307,158.403,0.01
1316,2015,7.0,7.0,SOLOMON ISLANDS,SANTA CRUZ ISLANDS,-10.401,165.141,0.09
1317,2015,7.0,6.9,USA,"FOX ISLANDS, ALEUTIAN ISLANDS, AK",52.376,-169.446,0.08
1318,2015,9.0,8.3,CHILE,CENTRAL CHILE,-31.573,-71.674,13.6
1319,2015,10.0,,USA,"ICY BAY, AK",60.08,-141.3,193.0
1320,2015,11.0,6.9,CHILE,CENTRAL CHILE,-29.507,-72.007,0.55
1321,2015,11.0,6.7,JAPAN,JAPAN,31.001,128.873,0.3
1322,2015,11.0,6.5,GREECE,IONIAN SEA,38.67,20.6,0.15
1323,2015,11.0,6.8,SOLOMON ISLANDS,SOLOMON ISLANDS,-8.899,158.422,0.1
1324,2016,1.0,6.3,MOROCCO,MOROCCO,35.649,-3.682,0.02
1325,2016,3.0,7.8,INDONESIA,SW. SUMATRA,-4.952,94.33,0.21
1326,2016,4.0,7.8,ECUADOR,OFF COAST,0.35,-80.16,0.6
1327,2016,4.0,7.0,VANUATU,VANUATU ISLANDS,-16.043,167.379,0.02
1328,2016,8.0,7.2,NEW CALEDONIA,LOYALTY ISLANDS,-22.477,173.117,0.19
1329,2016,8.0,7.4,UK TERRITORY,SOUTHERN ATLANTIC OCEAN,-55.285,-31.877,0.1
1330,2016,8.0,6.0,JAPAN,SANRIKU,40.394,143.68,0.01
1331,2016,9.0,7.0,NEW ZEALAND,GISBORNE,-37.359,179.146,0.21
1332,2016,11.0,7.8,NEW ZEALAND,OFF EAST COAST OF SOUTH ISLAND,-42.737,173.054,6.9
1333,2016,11.0,6.9,JAPAN,E. COAST HONSHU ISLAND,37.393,141.387,1.44
1334,2016,11.0,6.9,NICARAGUA,NICARAGUA,11.96,-88.835,0.08
1335,2016,12.0,7.8,SOLOMON ISLANDS,SOLOMON ISLANDS,-10.681,161.327,0.43
1336,2016,12.0,6.9,SOLOMON ISLANDS,SOLOMON ISLANDS,-10.749,161.132,0.05
1337,2016,12.0,7.9,PAPUA NEW GUINEA,SOLOMON SEA,-4.505,153.522,0.08
1338,2016,12.0,7.6,CHILE,SOUTHERN CHILE,-43.517,-74.391,0.44
1339,2017,1.0,6.9,FIJI,FIJI ISLANDS,-19.373,176.052,0.01
1340,2017,1.0,7.9,PAPUA NEW GUINEA,BOUGAINVILLE ISLAND,-6.246,155.172,0.04
1341,2017,3.0,,IRAN,PERSIAN GULF,27.835,51.94,3.0
1342,2017,4.0,6.9,CHILE,CENTRAL CHILE,-33.038,-72.062,0.16
1343,2017,4.0,6.9,PHILIPPINES,"SOCCSKSARGEN, PHILIPPINES",5.504,125.066,0.2
1344,2017,5.0,6.2,USA,"SKAGWAY, AK",59.852,-136.677,0.06
1345,2017,5.0,,NETHERLANDS,NORTH SEA,,,2.0
1346,2017,6.0,6.3,GREECE,LESBOS,38.93,26.365,0.4
1347,2017,6.0,,GREENLAND,"KARRAT FJORD, GREENLAND",71.813,-52.569,90.0
1348,2017,7.0,7.7,RUSSIA,BERING ISLAND,54.443,168.857,0.1
1349,2017,7.0,,COLOMBIA,OFF THE COAST NEAR SANTA MARTA,11.0,-74.3,8.0
1350,2017,7.0,6.6,TURKEY,GULF OF GKOVA,36.929,27.414,1.9
1351,2017,9.0,8.2,MEXICO,S. MEXICO,14.761,-94.103,2.7
1352,2017,10.0,6.7,NEW CALEDONIA,LOYALTY ISLANDS,-21.697,169.149,0.15
1353,2017,11.0,6.6,NEW CALEDONIA,LOYALTY ISLANDS,-21.648,168.859,0.1
1354,2017,11.0,,VIETNAM,QUANG NAM,15.317,108.249,8.5
1355,2017,11.0,6.3,NEW CALEDONIA,LOYALTY ISLANDS,-21.638,168.673,0.05
1356,2017,11.0,6.6,NEW CALEDONIA,LOYALTY ISLANDS,-21.503,168.598,0.08
1357,2017,11.0,7.0,NEW CALEDONIA,LOYALTY ISLANDS,-21.325,168.672,0.37
1358,2017,12.0,,KERMADEC ISLANDS,KERMADEC ISLANDS,-30.0,-179.0,0.5
1359,2018,1.0,7.5,HONDURAS,OFF COAST OF HONDURAS,17.483,-83.52,0.4
1360,2018,1.0,7.1,PERU,S. PERU,-15.982,-74.512,0.15
1361,2018,1.0,7.9,USA,"KODIAK ISLAND, AK",56.004,-149.166,0.25
1362,2018,2.0,,PAPUA NEW GUINEA,"KADOVAR ISLAND, PAPUA NEW GUINEA",-3.608,144.588,1.0
1363,2018,5.0,6.9,USA,HAWAII,19.313,-154.998,0.4
1364,2018,5.0,5.4,JAPAN,S. OF HONSHU ISLAND,31.444,140.193,0.15
1365,2018,5.0,,USA,NORTHEAST U.S.A.,,,0.22
1366,2018,7.0,,SPAIN,BALEARIC ISLANDS,,,0.75
1367,2018,7.0,6.4,INDONESIA,BALI SEA,-8.24,116.508,2.5
1368,2018,8.0,6.9,INDONESIA,BALI SEA,-8.258,116.438,2.0
1369,2018,8.0,8.2,FIJI,FIJI ISLANDS,-18.113,-178.153,
1370,2018,8.0,6.3,INDONESIA,BALI SEA,-8.337,116.599,
1371,2018,8.0,7.3,VENEZUELA,SUCRE,10.773,-62.902,
1372,2018,8.0,7.1,NEW CALEDONIA,LOYALTY ISLANDS,-22.03,170.126,0.27
1373,2018,9.0,7.5,INDONESIA,SULAWESI,-0.256,119.846,10.73
1374,2018,10.0,6.5,NEW CALEDONIA,LOYALTY ISLANDS,-21.743,169.522,0.05
1375,2018,10.0,6.8,GREECE,IONIAN SEA,37.52,20.557,0.5
1376,2018,12.0,7.5,NEW CALEDONIA,LOYALTY ISLANDS,-21.95,169.427,2.0
1377,2018,12.0,,RUSSIA,"BUREYA, FAR EASTERN RUSSIA",50.559,131.472,90.0
1378,2018,12.0,,INDONESIA,KRAKATAU,-6.102,105.423,85.0
1379,2019,3.0,,JAPAN,"NAGASAKI, JAPAN",,,2.9
1380,2019,4.0,,USA,LAKE ERIE,,,1.75
1381,2019,5.0,7.6,PAPUA NEW GUINEA,"RABAUL, NEW BRITAIN",-4.051,152.597,
1382,2019,6.0,6.4,CHILE,CENTRAL CHILE,-30.056,-72.082,0.07
1383,2019,6.0,7.2,NEW ZEALAND,"S OF RAOUL ISLAND, KERMADEC ISLANDS",-30.805,-178.095,0.14
1384,2019,6.0,6.4,JAPAN,NIIGATA,38.646,139.472,0.1
1385,2019,8.0,6.9,INDONESIA,W. JAVA,-7.282,104.791,
1386,2019,8.0,,ITALY,STROMBOLI ISLAND,38.789,15.213,0.3
1387,2019,11.0,7.1,INDONESIA,N. MOLUCCAS ISLANDS,1.6,126.416,0.11
1388,2020,1.0,6.4,USA TERRITORY,PUERTO RICO,17.916,-66.813,0.06
1389,2020,1.0,7.7,CUBA,OFF SE COAST,19.44,-78.755,0.11
1390,2020,3.0,7.5,RUSSIA,N. KURIL ISLANDS,48.986,157.693,0.5
1391,2020,4.0,,USA,GULF OF MEXICO,,,0.5
1392,2020,5.0,6.6,GREECE,CRETE,34.205,25.712,0.95
1393,2020,5.0,,INDONESIA,LESSER SUNDA: BALI: IJEN VOLCANO,-8.058,114.242,3.0
1394,2020,6.0,,USA,GULF OF MEXICO,,,0.5
1395,2020,6.0,7.4,NEW ZEALAND,"S OF RAOUL ISLAND, KERMADEC ISLANDS",-33.294,-177.838,0.11
1396,2020,6.0,7.4,MEXICO,OFF COAST OF OAXACA,16.029,-95.901,1.57
1397,2020,7.0,7.8,USA,"SHUMAGIN ISLANDS, AK",55.03,-158.522,0.24
1398,2020,10.0,7.6,USA,"SHUMAGIN ISLANDS, AK",54.608,-159.655,0.76
1399,2020,10.0,7.0,TURKEY,AEGEAN SEA,37.918,26.79,5.3
1400,2020,11.0,,SPAIN,"VALLE GRAN REY, LA GOMERA ISLAND",28.08,-17.325,0.5
1401,2020,11.0,,CANADA,"ELLIOT CREEK, BC",50.97,-124.6,
1402,2020,12.0,6.7,CHILE,CENTRAL CHILE,-39.343,-74.99,0.16
1403,2021,1.0,6.9,ANTARCTICA,SCOTIA SEA,-61.825,-55.494,0.04
1404,2021,2.0,7.7,NEW CALEDONIA,LOYALTY ISLANDS,-23.054,171.601,0.78
1405,2021,2.0,7.1,JAPAN,OFF FUKUSHIMA PREFECTURE,37.745,141.749,0.1
1406,2021,3.0,7.3,NEW ZEALAND,GISBORNE,-37.563,179.444,0.28
1407,2021,3.0,7.4,NEW ZEALAND,"S OF RAOUL ISLAND, KERMADEC ISLANDS",-29.613,-177.843,0.31
1408,2021,3.0,8.1,NEW ZEALAND,"S OF RAOUL ISLAND, KERMADEC ISLANDS",-29.74,-177.267,1.0
1409,2021,3.0,6.0,ALGERIA,N. ALGERIA,36.915,5.199,0.05
1410,2021,6.0,5.8,INDONESIA,BANDA SEA,-3.593,129.503,0.51
1411,2021,7.0,8.2,USA,"KODIAK ISLAND, AK",55.325,-157.841,0.42
1412,2021,8.0,7.1,PHILIPPINES,"MINDANAO ISLAND, PHILIPPINES",6.455,126.742,0.05
1413,2021,8.0,8.1,UK TERRITORY,SOUTHERN ATLANTIC OCEAN,-58.416,-25.321,0.64
1414,2021,8.0,7.2,HAITI,PORT-AU-PRINCE,18.408,-73.475,
1415,2021,9.0,7.0,MEXICO,S. MEXICO,16.982,-99.773,0.48
1416,2021,10.0,6.4,GREECE,CRETE,35.193,26.256,
1417,2021,12.0,7.3,INDONESIA,FLORES SEA,-7.603,122.2,0.07
1418,2022,1.0,,TONGA,TONGA ISLANDS,-20.536,-175.382,0.15
1419,2022,1.0,,TONGA,TONGA ISLANDS,-20.536,-175.382,22.0
1420,2022,1.0,,TONGA,TONGA ISLANDS,-20.536,-175.382,0.36
1421,2022,1.0,6.5,NEW ZEALAND,KERMADEC ISLANDS,-29.531,-176.749,0.1
1422,2022,3.0,7.3,JAPAN,OFF FUKUSHIMA PREFECTURE,37.702,141.587,0.3
1423,2022,3.0,6.9,NEW CALEDONIA,LOYALTY ISLANDS,-22.716,170.286,0.07
1424,2022,3.0,7.0,NEW CALEDONIA,LOYALTY ISLANDS,-22.579,170.354,0.05
1425,2022,5.0,5.5,MEXICO,S. MEXICO,16.325,-95.856,0.24
1426,2022,6.0,,CHILE,TODOS LOS SANTOS LAKE,-41.142,-72.396,0.8
1427,2022,7.0,7.0,PHILIPPINES,N. LUZON ISLAND,17.56,120.801,0.08
1428,2022,9.0,7.6,MEXICO,MEXICO,18.367,-103.252,0.79
1429,2022,9.0,6.8,MEXICO,S. MEXICO,18.308,-102.923,0.09
1430,2022,10.0,,ITALY,STROMBOLI ISLAND,38.789,15.213,0.04
1431,2022,11.0,7.3,TONGA,TONGA ISLANDS,-19.318,-172.1,0.12
1432,2022,11.0,7.0,SOLOMON ISLANDS,SOLOMON ISLANDS,-9.812,159.596,0.03
1433,2022,11.0,5.4,NEW ZEALAND,"LAKE TAUPO, NORTH ISLAND",-38.808,175.906,1.0
1434,2022,12.0,,ITALY,STROMBOLI ISLAND,38.789,15.213,0.75
1435,2023,1.0,7.6,INDONESIA,SOUTH MALUKU,-7.049,130.038,0.09
1436,2023,2.0,7.8,TURKEY,GULF OF ISKENDERUN,37.166,37.042,0.25
1437,2023,3.0,7.0,KERMADEC ISLANDS,"SE RAOUL ISLAND, KERMADEC ISLANDS",-30.115,-176.112,0.11
1438,2023,4.0,7.1,NEW ZEALAND,"S OF RAOUL ISLAND, KERMADEC ISLANDS",-29.968,-177.826,0.11
1439,2023,4.0,7.1,INDONESIA,SW. SUMATRA,-0.799,98.524,0.1
1440,2023,5.0,6.2,JAPAN,"NOTO PENINSULA, JAPAN",37.54,137.305,0.1
1441,2023,5.0,7.7,NEW CALEDONIA,LOYALTY ISLANDS,-23.229,170.694,0.61
1442,2023,5.0,7.1,NEW CALEDONIA,LOYALTY ISLANDS,-23.062,170.456,0.14
1443,2023,7.0,7.2,USA,"SAND POINT, AK",54.46,-160.76,0.15
